{
  "resourceType" : "ValueSet",
  "id" : "geno-ontology-allelic-state-vs",
  "text" : {
    "status" : "generated",
    "div" : "<div xmlns=\"http://www.w3.org/1999/xhtml\"><ul><li>Include codes from <code>http://www.ebi.ac.uk/ols/ontologies/geno</code> where concept  is-a  GENO_0000875</li></ul></div>"
  },
  "url" : "https://github.com/phenopackets/core-ig/ValueSet/geno-ontology-allelic-state-vs",
  "version" : "0.1.0",
  "name" : "GenoOntologyAllelicStateVS",
  "title" : "GENO Ontology Allelic State Value Set ",
  "status" : "active",
  "date" : "2023-01-27T18:42:10+00:00",
  "publisher" : "Global Alliance for Genomics and Health - Clinical and Phenotypic Data Capture Work Stream",
  "contact" : [{
    "name" : "Global Alliance for Genomics and Health - Clinical and Phenotypic Data Capture Work Stream",
    "telecom" : [{
      "system" : "url",
      "value" : "https://www.ga4gh.org/work_stream/clinical-phenotypic-data-capture-2/"
    }]
  }],
  "description" : "Descendent terms of GENO_0000875",
  "jurisdiction" : [{
    "coding" : [{
      "system" : "urn:iso:std:iso:3166",
      "code" : "US"
    }]
  }],
  "copyright" : "[Global Alliance for Genomics and Health](https://www.ga4gh.org)",
  "compose" : {
    "include" : [{
      "system" : "http://www.ebi.ac.uk/ols/ontologies/geno",
      "filter" : [{
        "property" : "concept",
        "op" : "is-a",
        "value" : "GENO_0000875"
      }]
    }]
  }
}