{
  "resourceType" : "ValueSet",
  "id" : "phenotypic-component",
  "text" : {
    "status" : "generated",
    "div" : "<div xmlns=\"http://www.w3.org/1999/xhtml\"><ul><li>Include these codes as defined in <code>http://github.com/phenopackets/core-ig/CodeSystem/hpo</code><table class=\"none\"><tr><td style=\"white-space:nowrap\"><b>Code</b></td><td><b>Display</b></td></tr><tr><td>HP:0012823</td><td/></tr><tr><td>HP:0012824</td><td/></tr><tr><td>HP:0003674</td><td/></tr></table></li></ul></div>"
  },
  "url" : "https://github.com/phenopackets/core-ig/ValueSet/phenotypic-component",
  "version" : "0.1.0",
  "name" : "PhenotypicComponentValueSet",
  "title" : "Phenotypic component ValueSet",
  "status" : "active",
  "date" : "2023-01-27T18:42:10+00:00",
  "publisher" : "Global Alliance for Genomics and Health - Clinical and Phenotypic Data Capture Work Stream",
  "contact" : [{
    "name" : "Global Alliance for Genomics and Health - Clinical and Phenotypic Data Capture Work Stream",
    "telecom" : [{
      "system" : "url",
      "value" : "https://www.ga4gh.org/work_stream/clinical-phenotypic-data-capture-2/"
    }]
  }],
  "description" : "ValueSet description here",
  "jurisdiction" : [{
    "coding" : [{
      "system" : "urn:iso:std:iso:3166",
      "code" : "US"
    }]
  }],
  "copyright" : "[Global Alliance for Genomics and Health](https://www.ga4gh.org)",
  "compose" : {
    "include" : [{
      "system" : "http://github.com/phenopackets/core-ig/CodeSystem/hpo",
      "concept" : [{
        "code" : "HP:0012823"
      },
      {
        "code" : "HP:0012824"
      },
      {
        "code" : "HP:0003674"
      }]
    }]
  }
}