{
  "resourceType" : "ValueSet",
  "id" : "interpretationStatus-vs",
  "text" : {
    "status" : "generated",
    "div" : "<div xmlns=\"http://www.w3.org/1999/xhtml\"><ul><li>Include these codes as defined in <code>http://phenopacket-schema.readthedocs.io/en/v2/genomic-interpretation.html#interpretationstatus</code><table class=\"none\"><tr><td style=\"white-space:nowrap\"><b>Code</b></td><td><b>Display</b></td></tr><tr><td>0</td><td>UNKNOWN_STATUS</td></tr><tr><td>1</td><td>REJECTED</td></tr><tr><td>2</td><td>CANDIDATE</td></tr><tr><td>3</td><td>CONTRIBUTORY</td></tr><tr><td>4</td><td>CAUSATIVE</td></tr></table></li></ul></div>"
  },
  "url" : "https://github.com/phenopackets/core-ig/ValueSet/interpretationStatus-vs",
  "version" : "0.1.0",
  "name" : "InterpretationStatusVS",
  "title" : "Interpretation Status Value Set",
  "status" : "active",
  "date" : "2023-01-27T18:42:10+00:00",
  "publisher" : "Global Alliance for Genomics and Health - Clinical and Phenotypic Data Capture Work Stream",
  "contact" : [{
    "name" : "Global Alliance for Genomics and Health - Clinical and Phenotypic Data Capture Work Stream",
    "telecom" : [{
      "system" : "url",
      "value" : "https://www.ga4gh.org/work_stream/clinical-phenotypic-data-capture-2/"
    }]
  }],
  "description" : "Describes the conclusion made about the genomic interpretation.",
  "jurisdiction" : [{
    "coding" : [{
      "system" : "urn:iso:std:iso:3166",
      "code" : "US"
    }]
  }],
  "copyright" : "This value set includes content from Phenopackets, which is copyright © 2016+ Global Alliance for Genomics and Health (GA4GH)",
  "compose" : {
    "include" : [{
      "system" : "http://phenopacket-schema.readthedocs.io/en/v2/genomic-interpretation.html#interpretationstatus",
      "concept" : [{
        "code" : "0",
        "display" : "UNKNOWN_STATUS"
      },
      {
        "code" : "1",
        "display" : "REJECTED"
      },
      {
        "code" : "2",
        "display" : "CANDIDATE"
      },
      {
        "code" : "3",
        "display" : "CONTRIBUTORY"
      },
      {
        "code" : "4",
        "display" : "CAUSATIVE"
      }]
    }]
  }
}