{
  "resourceType" : "ValueSet",
  "id" : "eefff1e8-9872-4ac9-8ecc-dc26c32f0fb0-69",
  "url" : "http://hl7.org/fhir/comparison/ValueSet/eefff1e8-9872-4ac9-8ecc-dc26c32f0fb0-69",
  "name" : "IntersectionUSCoreSurveyCodesAndLOINCCodes",
  "title" : "Intersection of US Core Survey Codes And LOINC Codes",
  "status" : "active",
  "date" : "2023-01-27T18:42:33+00:00",
  "expansion" : {
    "contains" : [{
      "system" : "http://loinc.org",
      "code" : "100002-5",
      "display" : "Specimen care is maintained"
    },
    {
      "system" : "http://loinc.org",
      "code" : "100003-3",
      "display" : "Team communication is maintained throughout care"
    },
    {
      "system" : "http://loinc.org",
      "code" : "100004-1",
      "display" : "Demonstrates knowledge of the expected psychosocial responses to the procedure"
    },
    {
      "system" : "http://loinc.org",
      "code" : "100005-8",
      "display" : "Demonstrates knowledge of nutritional management related to the procedure"
    },
    {
      "system" : "http://loinc.org",
      "code" : "100006-6",
      "display" : "Demonstrates knowledge of medication management"
    },
    {
      "system" : "http://loinc.org",
      "code" : "100007-4",
      "display" : "Demonstrates knowledge of pain management"
    },
    {
      "system" : "http://loinc.org",
      "code" : "100008-2",
      "display" : "Demonstrates knowledge of wound management"
    },
    {
      "system" : "http://loinc.org",
      "code" : "100009-0",
      "display" : "Demonstrates knowledge of the procedure and expected results"
    },
    {
      "system" : "http://loinc.org",
      "code" : "100010-8",
      "display" : "No injury related to procedure equipment, medical supplies, or instrumentation"
    },
    {
      "system" : "http://loinc.org",
      "code" : "100011-6",
      "display" : "No injury related to an electrical source"
    },
    {
      "system" : "http://loinc.org",
      "code" : "100012-4",
      "display" : "Participates in decisions affecting the patient's plan of care"
    },
    {
      "system" : "http://loinc.org",
      "code" : "100013-2",
      "display" : "Participates in the discharge process"
    },
    {
      "system" : "http://loinc.org",
      "code" : "100014-0",
      "display" : "Psychosocial health is maintained at or improved from baseline"
    },
    {
      "system" : "http://loinc.org",
      "code" : "100015-7",
      "display" : "No injury related to positioning due to care or procedure"
    },
    {
      "system" : "http://loinc.org",
      "code" : "100016-5",
      "display" : "No injury related to a laser source"
    },
    {
      "system" : "http://loinc.org",
      "code" : "100017-3",
      "display" : "Perioperative nursing data set outcomes panel [PNDS]"
    },
    {
      "system" : "http://loinc.org",
      "code" : "100030-6",
      "display" : "Axis I: Temporal aspects score [Mainz Pain Staging System]"
    },
    {
      "system" : "http://loinc.org",
      "code" : "100031-4",
      "display" : "Axis II: Spatial aspects score [Mainz Pain Staging System]"
    },
    {
      "system" : "http://loinc.org",
      "code" : "100032-2",
      "display" : "Axis III: Drug taking behavior score [Mainz Pain Staging System]"
    },
    {
      "system" : "http://loinc.org",
      "code" : "100033-0",
      "display" : "Axis IV: Utilization of the health care system score [Mainz Pain Staging System]"
    },
    {
      "system" : "http://loinc.org",
      "code" : "100159-3",
      "display" : "Knee Society Score pre-op panel [Knee Society Score]"
    },
    {
      "system" : "http://loinc.org",
      "code" : "100168-4",
      "display" : "Knee pain severity with level walking"
    },
    {
      "system" : "http://loinc.org",
      "code" : "100169-2",
      "display" : "Knee pain severity with stairs or inclines"
    },
    {
      "system" : "http://loinc.org",
      "code" : "100170-0",
      "display" : "Knee feels normal"
    },
    {
      "system" : "http://loinc.org",
      "code" : "100171-8",
      "display" : "Satisfaction with level of knee pain while sitting"
    },
    {
      "system" : "http://loinc.org",
      "code" : "100172-6",
      "display" : "Satisfaction with level of knee pain while lying in bed"
    },
    {
      "system" : "http://loinc.org",
      "code" : "100173-4",
      "display" : "Satisfaction with knee function while getting out of bed"
    },
    {
      "system" : "http://loinc.org",
      "code" : "100174-2",
      "display" : "Satisfaction with knee function while performing light household duties"
    },
    {
      "system" : "http://loinc.org",
      "code" : "100175-9",
      "display" : "Satisfaction with knee function while performing recreational activities"
    },
    {
      "system" : "http://loinc.org",
      "code" : "100176-7",
      "display" : "Expect surgery to relieve pain"
    },
    {
      "system" : "http://loinc.org",
      "code" : "100177-5",
      "display" : "Expect surgery will improve ability to perform activities of daily living"
    },
    {
      "system" : "http://loinc.org",
      "code" : "100178-3",
      "display" : "Expect surgery will improve ability to perform leisure, recreational, or sports activities"
    },
    {
      "system" : "http://loinc.org",
      "code" : "100179-1",
      "display" : "Walk without assistive mobility devices"
    },
    {
      "system" : "http://loinc.org",
      "code" : "100180-9",
      "display" : "Assistive mobility devices used"
    },
    {
      "system" : "http://loinc.org",
      "code" : "100181-7",
      "display" : "Assistive mobility devices used due to health condition"
    },
    {
      "system" : "http://loinc.org",
      "code" : "100182-5",
      "display" : "Duration of standing before sitting due to knee discomfort"
    },
    {
      "system" : "http://loinc.org",
      "code" : "100183-3",
      "display" : "Duration of walking before stopping due to knee discomfort"
    },
    {
      "system" : "http://loinc.org",
      "code" : "100184-1",
      "display" : "How bothersome is knee when walking on an uneven surface"
    },
    {
      "system" : "http://loinc.org",
      "code" : "100185-8",
      "display" : "How bothersome is knee when turning or pivoting leg"
    },
    {
      "system" : "http://loinc.org",
      "code" : "100186-6",
      "display" : "How bothersome is knee when climbing up or down a flight of stairs"
    },
    {
      "system" : "http://loinc.org",
      "code" : "100187-4",
      "display" : "How bothersome is knee when getting up from a low seat without armrests"
    },
    {
      "system" : "http://loinc.org",
      "code" : "100188-2",
      "display" : "How bothersome is knee when getting into or out of a car"
    },
    {
      "system" : "http://loinc.org",
      "code" : "100189-0",
      "display" : "How bothersome is knee when moving laterally"
    },
    {
      "system" : "http://loinc.org",
      "code" : "100190-8",
      "display" : "How bothersome is knee when climbing a ladder or step stool"
    },
    {
      "system" : "http://loinc.org",
      "code" : "100191-6",
      "display" : "How bothersome is knee when carrying a bag for one block"
    },
    {
      "system" : "http://loinc.org",
      "code" : "100192-4",
      "display" : "How bothersome is knee when squatting"
    },
    {
      "system" : "http://loinc.org",
      "code" : "100193-2",
      "display" : "How bothersome is knee when kneeling"
    },
    {
      "system" : "http://loinc.org",
      "code" : "100194-0",
      "display" : "How bothersome is knee when running"
    },
    {
      "system" : "http://loinc.org",
      "code" : "100195-7",
      "display" : "Pain severity--during activity"
    },
    {
      "system" : "http://loinc.org",
      "code" : "100196-5",
      "display" : "Pre-op total score [Knee Society Score]"
    },
    {
      "system" : "http://loinc.org",
      "code" : "100197-3",
      "display" : "Exercise activity and pain severity panel"
    },
    {
      "system" : "http://loinc.org",
      "code" : "100198-1",
      "display" : "Pre-op objective knee indicators score [Knee Society Score]"
    },
    {
      "system" : "http://loinc.org",
      "code" : "100199-9",
      "display" : "Pre-op symptoms score [Knee Society Score]"
    },
    {
      "system" : "http://loinc.org",
      "code" : "100200-5",
      "display" : "Pre-op patient expectations score [Knee Society Score]"
    },
    {
      "system" : "http://loinc.org",
      "code" : "100201-3",
      "display" : "Pre-op functional activities score [Knee Society Score]"
    },
    {
      "system" : "http://loinc.org",
      "code" : "100202-1",
      "display" : "Pre-op discretionary knee activities score [Knee Society Score]"
    },
    {
      "system" : "http://loinc.org",
      "code" : "100203-9",
      "display" : "Knee Society Score post-op panel [Knee Society Score]"
    },
    {
      "system" : "http://loinc.org",
      "code" : "100204-7",
      "display" : "Accuracy of pre-surgery expectations of pain relief"
    },
    {
      "system" : "http://loinc.org",
      "code" : "100205-4",
      "display" : "Accuracy of pre-surgery expectations to perform activities of daily living"
    },
    {
      "system" : "http://loinc.org",
      "code" : "100206-2",
      "display" : "Accuracy of pre-surgery expectations to perform leisure, recreational, or sports activities"
    },
    {
      "system" : "http://loinc.org",
      "code" : "100207-0",
      "display" : "Post-op total score [Knee Society Score]"
    },
    {
      "system" : "http://loinc.org",
      "code" : "100208-8",
      "display" : "Post-op objective knee indicators score [Knee Society Score]"
    },
    {
      "system" : "http://loinc.org",
      "code" : "100209-6",
      "display" : "Post-op symptoms score [Knee Society Score]"
    },
    {
      "system" : "http://loinc.org",
      "code" : "100210-4",
      "display" : "Post-op patient expectations score [Knee Society Score]"
    },
    {
      "system" : "http://loinc.org",
      "code" : "100211-2",
      "display" : "Post-op functional activities score [Knee Society Score]"
    },
    {
      "system" : "http://loinc.org",
      "code" : "100212-0",
      "display" : "Post-op discretionary knee activities score [Knee Society Score]"
    },
    {
      "system" : "http://loinc.org",
      "code" : "100232-8",
      "display" : "Impacts of Events Scale-Revised panel"
    },
    {
      "system" : "http://loinc.org",
      "code" : "100233-6",
      "display" : "Reminders brought back feelings about adverse event"
    },
    {
      "system" : "http://loinc.org",
      "code" : "100234-4",
      "display" : "Trouble staying asleep"
    },
    {
      "system" : "http://loinc.org",
      "code" : "100235-1",
      "display" : "Other things triggered persistent thoughts about adverse event"
    },
    {
      "system" : "http://loinc.org",
      "code" : "100236-9",
      "display" : "Felt irritable AndOr angry"
    },
    {
      "system" : "http://loinc.org",
      "code" : "100237-7",
      "display" : "Avoided getting upset when unintentionally thought about adverse event"
    },
    {
      "system" : "http://loinc.org",
      "code" : "100238-5",
      "display" : "Thought about adverse event unintentionally"
    },
    {
      "system" : "http://loinc.org",
      "code" : "100239-3",
      "display" : "Felt as if adverse event did not happen"
    },
    {
      "system" : "http://loinc.org",
      "code" : "100240-1",
      "display" : "Avoided reminders of adverse event"
    },
    {
      "system" : "http://loinc.org",
      "code" : "100241-9",
      "display" : "Experienced mental images of adverse event"
    },
    {
      "system" : "http://loinc.org",
      "code" : "100242-7",
      "display" : "Easily startled"
    },
    {
      "system" : "http://loinc.org",
      "code" : "100243-5",
      "display" : "Tried to not think of adverse event"
    },
    {
      "system" : "http://loinc.org",
      "code" : "100244-3",
      "display" : "Aware of feelings about adverse event, but did not address them"
    },
    {
      "system" : "http://loinc.org",
      "code" : "100245-0",
      "display" : "Feelings about adverse event were numb"
    },
    {
      "system" : "http://loinc.org",
      "code" : "100246-8",
      "display" : "Acted or felt the same as during adverse event"
    },
    {
      "system" : "http://loinc.org",
      "code" : "100247-6",
      "display" : "Trouble falling asleep"
    },
    {
      "system" : "http://loinc.org",
      "code" : "100248-4",
      "display" : "Waves of strong feelings about adverse event"
    },
    {
      "system" : "http://loinc.org",
      "code" : "100249-2",
      "display" : "Tried to remove adverse event from memory"
    },
    {
      "system" : "http://loinc.org",
      "code" : "100250-0",
      "display" : "Trouble concentrating"
    },
    {
      "system" : "http://loinc.org",
      "code" : "100251-8",
      "display" : "Reminders of adverse event caused physical reactions"
    },
    {
      "system" : "http://loinc.org",
      "code" : "100252-6",
      "display" : "Had dreams about adverse event"
    },
    {
      "system" : "http://loinc.org",
      "code" : "100253-4",
      "display" : "Felt watchful and on-guard"
    },
    {
      "system" : "http://loinc.org",
      "code" : "100254-2",
      "display" : "Tried not to talk about adverse event"
    },
    {
      "system" : "http://loinc.org",
      "code" : "100255-9",
      "display" : "Total score [Impact of Event Scale-Revised]"
    },
    {
      "system" : "http://loinc.org",
      "code" : "100259-1",
      "display" : "Aware of tactile sensations"
    },
    {
      "system" : "http://loinc.org",
      "code" : "100260-9",
      "display" : "Easy to describe thoughts AndOr feelings"
    },
    {
      "system" : "http://loinc.org",
      "code" : "100261-7",
      "display" : "Critical of own thoughts AndOr feelings"
    },
    {
      "system" : "http://loinc.org",
      "code" : "100262-5",
      "display" : "Able to notice distressing thoughts AndOr feelings without having to react"
    },
    {
      "system" : "http://loinc.org",
      "code" : "100263-3",
      "display" : "Easily distracted"
    },
    {
      "system" : "http://loinc.org",
      "code" : "100264-1",
      "display" : "Able to notice thoughts AndOr feelings without being overwhelmed"
    },
    {
      "system" : "http://loinc.org",
      "code" : "100265-8",
      "display" : "Aware of dietary intake impact on self"
    },
    {
      "system" : "http://loinc.org",
      "code" : "100266-6",
      "display" : "Difficult to describe thoughts AndOr feelings"
    },
    {
      "system" : "http://loinc.org",
      "code" : "100267-4",
      "display" : "Aware of auditory stimuli"
    },
    {
      "system" : "http://loinc.org",
      "code" : "100268-2",
      "display" : "Able to avoid immediate reaction in difficult situations"
    },
    {
      "system" : "http://loinc.org",
      "code" : "100269-0",
      "display" : "Do things without paying attention"
    },
    {
      "system" : "http://loinc.org",
      "code" : "100270-8",
      "display" : "Recover quickly from distressing thoughts AndOr images"
    },
    {
      "system" : "http://loinc.org",
      "code" : "100271-6",
      "display" : "Aware of olfactory stimuli"
    },
    {
      "system" : "http://loinc.org",
      "code" : "100272-4",
      "display" : "Aware of visual stimuli"
    },
    {
      "system" : "http://loinc.org",
      "code" : "100273-2",
      "display" : "Aware of emotions affect on thoughts AndOr behavior"
    },
    {
      "system" : "http://loinc.org",
      "code" : "100274-0",
      "display" : "Observing score [FFMQ]"
    },
    {
      "system" : "http://loinc.org",
      "code" : "100275-7",
      "display" : "Describing score [FFMQ]"
    },
    {
      "system" : "http://loinc.org",
      "code" : "100276-5",
      "display" : "Acting with awareness score [FFMQ]"
    },
    {
      "system" : "http://loinc.org",
      "code" : "100277-3",
      "display" : "Nonjudging score [FFMQ]"
    },
    {
      "system" : "http://loinc.org",
      "code" : "100278-1",
      "display" : "Nonreactivity score [FFMQ]"
    },
    {
      "system" : "http://loinc.org",
      "code" : "100279-9",
      "display" : "Total score [FFMQ]"
    },
    {
      "system" : "http://loinc.org",
      "code" : "100280-7",
      "display" : "Five Facet Mindfulness Questionnaire panel [FFMQ]"
    },
    {
      "system" : "http://loinc.org",
      "code" : "100283-1",
      "display" : "Harris Hip Score panel [Harris Hip Score]"
    },
    {
      "system" : "http://loinc.org",
      "code" : "100284-9",
      "display" : "Walking - functional ability"
    },
    {
      "system" : "http://loinc.org",
      "code" : "100285-6",
      "display" : "Comfortable seated position"
    },
    {
      "system" : "http://loinc.org",
      "code" : "100286-4",
      "display" : "Able to board public transportation"
    },
    {
      "system" : "http://loinc.org",
      "code" : "100287-2",
      "display" : "Put on shoes and socks"
    },
    {
      "system" : "http://loinc.org",
      "code" : "100288-0",
      "display" : "Absence of deformity score [Harris Hip Score]"
    },
    {
      "system" : "http://loinc.org",
      "code" : "100289-8",
      "display" : "Absence of hip deformity measurements"
    },
    {
      "system" : "http://loinc.org",
      "code" : "100290-6",
      "display" : "Range of motion score [Harris Hip Score]"
    },
    {
      "system" : "http://loinc.org",
      "code" : "100291-4",
      "display" : "Total score [Harris Hip Score]"
    },
    {
      "system" : "http://loinc.org",
      "code" : "100292-2",
      "display" : "Pre-op patient satisfaction score [Knee Society Score]"
    },
    {
      "system" : "http://loinc.org",
      "code" : "100293-0",
      "display" : "Hip Flexion range of motion"
    },
    {
      "system" : "http://loinc.org",
      "code" : "100294-8",
      "display" : "Hip Abduction range of motion"
    },
    {
      "system" : "http://loinc.org",
      "code" : "100295-5",
      "display" : "Hip Adduction range of motion"
    },
    {
      "system" : "http://loinc.org",
      "code" : "100296-3",
      "display" : "Hip External rotation range of motion"
    },
    {
      "system" : "http://loinc.org",
      "code" : "100297-1",
      "display" : "Hip Internal rotation range of motion"
    },
    {
      "system" : "http://loinc.org",
      "code" : "100299-7",
      "display" : "Post-op patient satisfaction score [Knee Society Score]"
    },
    {
      "system" : "http://loinc.org",
      "code" : "100307-8",
      "display" : "Behavioral screening elder mistreatment"
    },
    {
      "system" : "http://loinc.org",
      "code" : "100308-6",
      "display" : "Need help getting to essential places"
    },
    {
      "system" : "http://loinc.org",
      "code" : "100309-4",
      "display" : "Activity support person"
    },
    {
      "system" : "http://loinc.org",
      "code" : "100310-2",
      "display" : "Reliability of support person"
    },
    {
      "system" : "http://loinc.org",
      "code" : "100311-0",
      "display" : "Need help to make sure there is enough food, medicines or any other things needed in house"
    },
    {
      "system" : "http://loinc.org",
      "code" : "100312-8",
      "display" : "Person or persons that makes sure there is enough food, medicines or any other things needed in house"
    },
    {
      "system" : "http://loinc.org",
      "code" : "100313-6",
      "display" : "Need help with household things such as cook meals, help feed, or provide correct medicines each day"
    },
    {
      "system" : "http://loinc.org",
      "code" : "100314-4",
      "display" : "Need help with house cleaning or yard work"
    },
    {
      "system" : "http://loinc.org",
      "code" : "100315-1",
      "display" : "Need help getting out of bed, showered, or dressed"
    },
    {
      "system" : "http://loinc.org",
      "code" : "100316-9",
      "display" : "Need help to make sure bills get paid"
    },
    {
      "system" : "http://loinc.org",
      "code" : "100317-7",
      "display" : "Relationship of usual support person for daily activities"
    },
    {
      "system" : "http://loinc.org",
      "code" : "100318-5",
      "display" : "Have help with finances AndOr financial decisions"
    },
    {
      "system" : "http://loinc.org",
      "code" : "100319-3",
      "display" : "Relationship of financial support person"
    },
    {
      "system" : "http://loinc.org",
      "code" : "100320-1",
      "display" : "Financial support person usually asks for permission before making decisions"
    },
    {
      "system" : "http://loinc.org",
      "code" : "100321-9",
      "display" : "Financial support person usually makes good decisions about finances"
    },
    {
      "system" : "http://loinc.org",
      "code" : "100322-7",
      "display" : "Have access to paperwork for financial decisions made"
    },
    {
      "system" : "http://loinc.org",
      "code" : "100323-5",
      "display" : "Financial support person forged signature"
    },
    {
      "system" : "http://loinc.org",
      "code" : "100324-3",
      "display" : "Coercion of financial support person for signing a document in order to get money or possessions"
    },
    {
      "system" : "http://loinc.org",
      "code" : "100325-0",
      "display" : "Experienced theft by support person"
    },
    {
      "system" : "http://loinc.org",
      "code" : "100326-8",
      "display" : "Money spent or property sold without permission"
    },
    {
      "system" : "http://loinc.org",
      "code" : "100327-6",
      "display" : "Stranger forged signature for financial gain"
    },
    {
      "system" : "http://loinc.org",
      "code" : "100328-4",
      "display" : "Stranger forced document signature for financial gain"
    },
    {
      "system" : "http://loinc.org",
      "code" : "100329-2",
      "display" : "Feared for safety due to verbal attack"
    },
    {
      "system" : "http://loinc.org",
      "code" : "100330-0",
      "display" : "Felt humiliated due to ridicule"
    },
    {
      "system" : "http://loinc.org",
      "code" : "100331-8",
      "display" : "Coerced to do something"
    },
    {
      "system" : "http://loinc.org",
      "code" : "100332-6",
      "display" : "Ignored by close friend or relative for extended period"
    },
    {
      "system" : "http://loinc.org",
      "code" : "100333-4",
      "display" : "Physically hit or threatened"
    },
    {
      "system" : "http://loinc.org",
      "code" : "100334-2",
      "display" : "Been physically hurt with some degree of injury"
    },
    {
      "system" : "http://loinc.org",
      "code" : "100335-9",
      "display" : "Coerced sexual activity"
    },
    {
      "system" : "http://loinc.org",
      "code" : "100336-7",
      "display" : "Coerced touching of private body parts of self or others"
    },
    {
      "system" : "http://loinc.org",
      "code" : "100337-5",
      "display" : "Coerced to undress or expose private body area"
    },
    {
      "system" : "http://loinc.org",
      "code" : "100338-3",
      "display" : "Photographed in any degree of nudity without consent"
    },
    {
      "system" : "http://loinc.org",
      "code" : "100339-1",
      "display" : "Experienced attempted physical restraint"
    },
    {
      "system" : "http://loinc.org",
      "code" : "100340-9",
      "display" : "Range of motion panel Hip"
    },
    {
      "system" : "http://loinc.org",
      "code" : "100353-2",
      "display" : "Norwalk Community Health Center Screening Tool [NCHC]"
    },
    {
      "system" : "http://loinc.org",
      "code" : "100354-0",
      "display" : "Frequency of participating in multi-modal communication without assistance"
    },
    {
      "system" : "http://loinc.org",
      "code" : "100355-7",
      "display" : "Frequency of participating in spoken language expression communication without assistance"
    },
    {
      "system" : "http://loinc.org",
      "code" : "100360-7",
      "display" : "Brief Resilience Scale panel [BRS]"
    },
    {
      "system" : "http://loinc.org",
      "code" : "100361-5",
      "display" : "Quickly recover from bad events"
    },
    {
      "system" : "http://loinc.org",
      "code" : "100362-3",
      "display" : "Difficulty making it through stressful events"
    },
    {
      "system" : "http://loinc.org",
      "code" : "100363-1",
      "display" : "Easily recover from a stressful event"
    },
    {
      "system" : "http://loinc.org",
      "code" : "100364-9",
      "display" : "Difficulty recovering from bad events"
    },
    {
      "system" : "http://loinc.org",
      "code" : "100365-6",
      "display" : "Easily recover from difficulties"
    },
    {
      "system" : "http://loinc.org",
      "code" : "100366-4",
      "display" : "Lengthy recovery from setbacks"
    },
    {
      "system" : "http://loinc.org",
      "code" : "100367-2",
      "display" : "Total Score BRS"
    },
    {
      "system" : "http://loinc.org",
      "code" : "100766-5",
      "display" : "Center for Epidemiologic Studies Depression Scale panel [CES-D]"
    },
    {
      "system" : "http://loinc.org",
      "code" : "100767-3",
      "display" : "Bothered by things that are not usually bothersome"
    },
    {
      "system" : "http://loinc.org",
      "code" : "100768-1",
      "display" : "Poor appetite"
    },
    {
      "system" : "http://loinc.org",
      "code" : "100769-9",
      "display" : "Unhappy even with help from my family or friends"
    },
    {
      "system" : "http://loinc.org",
      "code" : "100770-7",
      "display" : "Feeling just as good as others"
    },
    {
      "system" : "http://loinc.org",
      "code" : "100771-5",
      "display" : "Trouble focusing"
    },
    {
      "system" : "http://loinc.org",
      "code" : "100772-3",
      "display" : "Feeling depressed"
    },
    {
      "system" : "http://loinc.org",
      "code" : "100773-1",
      "display" : "Feeling everything is too much of an effort"
    },
    {
      "system" : "http://loinc.org",
      "code" : "100774-9",
      "display" : "Feeling hopeful about the future"
    },
    {
      "system" : "http://loinc.org",
      "code" : "100775-6",
      "display" : "Feeling life had been a failure"
    },
    {
      "system" : "http://loinc.org",
      "code" : "100776-4",
      "display" : "Feeling fearful"
    },
    {
      "system" : "http://loinc.org",
      "code" : "100777-2",
      "display" : "Restless sleep"
    },
    {
      "system" : "http://loinc.org",
      "code" : "100778-0",
      "display" : "Feeling happy"
    },
    {
      "system" : "http://loinc.org",
      "code" : "100779-8",
      "display" : "Quieter than usual"
    },
    {
      "system" : "http://loinc.org",
      "code" : "100780-6",
      "display" : "Feeling lonely"
    },
    {
      "system" : "http://loinc.org",
      "code" : "100781-4",
      "display" : "People were unfriendly"
    },
    {
      "system" : "http://loinc.org",
      "code" : "100782-2",
      "display" : "Enjoying life"
    },
    {
      "system" : "http://loinc.org",
      "code" : "100783-0",
      "display" : "Crying spells"
    },
    {
      "system" : "http://loinc.org",
      "code" : "100784-8",
      "display" : "Feeling sad"
    },
    {
      "system" : "http://loinc.org",
      "code" : "100785-5",
      "display" : "Feeling people dislike me"
    },
    {
      "system" : "http://loinc.org",
      "code" : "100786-3",
      "display" : "Lack of energy"
    },
    {
      "system" : "http://loinc.org",
      "code" : "100787-1",
      "display" : "Total Score CES-D"
    },
    {
      "system" : "http://loinc.org",
      "code" : "10000-8",
      "display" : "R wave duration in lead AVR"
    },
    {
      "system" : "http://loinc.org",
      "code" : "10001-6",
      "display" : "R wave duration in lead I"
    },
    {
      "system" : "http://loinc.org",
      "code" : "100018-1",
      "display" : "Hospice care Note"
    },
    {
      "system" : "http://loinc.org",
      "code" : "10002-4",
      "display" : "R wave duration in lead II"
    },
    {
      "system" : "http://loinc.org",
      "code" : "10003-2",
      "display" : "R wave duration in lead III"
    },
    {
      "system" : "http://loinc.org",
      "code" : "100034-8",
      "display" : "Provider of automated external defibrillator use"
    },
    {
      "system" : "http://loinc.org",
      "code" : "100035-5",
      "display" : "Exam finding location of Chest"
    },
    {
      "system" : "http://loinc.org",
      "code" : "100036-3",
      "display" : "Exam finding location of Lung"
    },
    {
      "system" : "http://loinc.org",
      "code" : "100037-1",
      "display" : "Patient contact disposition EMS unit"
    },
    {
      "system" : "http://loinc.org",
      "code" : "100038-9",
      "display" : "Patient evaluation disposition EMS unit"
    },
    {
      "system" : "http://loinc.org",
      "code" : "100039-7",
      "display" : "Crew disposition for patient care EMS unit"
    },
    {
      "system" : "http://loinc.org",
      "code" : "10004-0",
      "display" : "R wave duration in lead V1"
    },
    {
      "system" : "http://loinc.org",
      "code" : "100040-5",
      "display" : "Patient transport disposition EMS unit"
    },
    {
      "system" : "http://loinc.org",
      "code" : "10005-7",
      "display" : "R wave duration in lead V2"
    },
    {
      "system" : "http://loinc.org",
      "code" : "10006-5",
      "display" : "R wave duration in lead V3"
    },
    {
      "system" : "http://loinc.org",
      "code" : "100062-9",
      "display" : "Standard Dermatology Outcome Measures panel"
    },
    {
      "system" : "http://loinc.org",
      "code" : "100063-7",
      "display" : "Primary skin concern"
    },
    {
      "system" : "http://loinc.org",
      "code" : "100064-5",
      "display" : "Itch severity Reporting Period - Reported"
    },
    {
      "system" : "http://loinc.org",
      "code" : "100065-2",
      "display" : "Satisfied with treatment"
    },
    {
      "system" : "http://loinc.org",
      "code" : "100066-0",
      "display" : "Specular microscopy panel"
    },
    {
      "system" : "http://loinc.org",
      "code" : "100067-8",
      "display" : "Eye Image magnification"
    },
    {
      "system" : "http://loinc.org",
      "code" : "100068-6",
      "display" : "Right eye Fixation point [Angle]"
    },
    {
      "system" : "http://loinc.org",
      "code" : "100069-4",
      "display" : "Left eye Fixation point [Angle]"
    },
    {
      "system" : "http://loinc.org",
      "code" : "10007-3",
      "display" : "R wave duration in lead V4"
    },
    {
      "system" : "http://loinc.org",
      "code" : "100070-2",
      "display" : "Right cornea Cell density"
    },
    {
      "system" : "http://loinc.org",
      "code" : "100071-0",
      "display" : "Left cornea Cell density"
    },
    {
      "system" : "http://loinc.org",
      "code" : "100072-8",
      "display" : "Right cornea Coefficient of variation"
    },
    {
      "system" : "http://loinc.org",
      "code" : "100073-6",
      "display" : "Left cornea Coefficient of variation"
    },
    {
      "system" : "http://loinc.org",
      "code" : "100074-4",
      "display" : "Right cornea Hexagonality"
    },
    {
      "system" : "http://loinc.org",
      "code" : "100075-1",
      "display" : "Left cornea Hexagonality"
    },
    {
      "system" : "http://loinc.org",
      "code" : "100076-9",
      "display" : "Right cornea Endothelial cells counted"
    },
    {
      "system" : "http://loinc.org",
      "code" : "100077-7",
      "display" : "Left cornea Endothelial cells counted"
    },
    {
      "system" : "http://loinc.org",
      "code" : "100078-5",
      "display" : "Right cornea Endothelial cell area.min"
    },
    {
      "system" : "http://loinc.org",
      "code" : "100079-3",
      "display" : "Left cornea Endothelial cell area.min"
    },
    {
      "system" : "http://loinc.org",
      "code" : "10008-1",
      "display" : "R wave duration in lead V5"
    },
    {
      "system" : "http://loinc.org",
      "code" : "100080-1",
      "display" : "Right cornea Endothelial cell area.max"
    },
    {
      "system" : "http://loinc.org",
      "code" : "100081-9",
      "display" : "Left cornea Endothelial cell area.max"
    },
    {
      "system" : "http://loinc.org",
      "code" : "100082-7",
      "display" : "Right cornea Endothelial cell area.mean"
    },
    {
      "system" : "http://loinc.org",
      "code" : "100083-5",
      "display" : "Left cornea Endothelial cell area.mean"
    },
    {
      "system" : "http://loinc.org",
      "code" : "100084-3",
      "display" : "Right cornea Cell area.standard deviation"
    },
    {
      "system" : "http://loinc.org",
      "code" : "100085-0",
      "display" : "Left cornea Cell area.standard deviation"
    },
    {
      "system" : "http://loinc.org",
      "code" : "100086-8",
      "display" : "Right cornea Type of Analysis method by Specular microscopy"
    },
    {
      "system" : "http://loinc.org",
      "code" : "10009-9",
      "display" : "R wave duration in lead V6"
    },
    {
      "system" : "http://loinc.org",
      "code" : "10010-7",
      "display" : "R' wave amplitude in lead AVF"
    },
    {
      "system" : "http://loinc.org",
      "code" : "10011-5",
      "display" : "R' wave amplitude in lead AVL"
    },
    {
      "system" : "http://loinc.org",
      "code" : "10012-3",
      "display" : "R' wave amplitude in lead AVR"
    },
    {
      "system" : "http://loinc.org",
      "code" : "10013-1",
      "display" : "R' wave amplitude in lead I"
    },
    {
      "system" : "http://loinc.org",
      "code" : "10014-9",
      "display" : "R' wave amplitude in lead II"
    },
    {
      "system" : "http://loinc.org",
      "code" : "10015-6",
      "display" : "R' wave amplitude in lead III"
    },
    {
      "system" : "http://loinc.org",
      "code" : "100155-1",
      "display" : "Left cornea Type of Analysis method by Specular microscopy"
    },
    {
      "system" : "http://loinc.org",
      "code" : "10016-4",
      "display" : "R' wave amplitude in lead V1"
    },
    {
      "system" : "http://loinc.org",
      "code" : "100160-1",
      "display" : "Knee replacement"
    },
    {
      "system" : "http://loinc.org",
      "code" : "100161-9",
      "display" : "Charnley Functional Classification"
    },
    {
      "system" : "http://loinc.org",
      "code" : "100162-7",
      "display" : "Knee alignment W standing X-ray measured"
    },
    {
      "system" : "http://loinc.org",
      "code" : "100163-5",
      "display" : "Knee medial AndOr lateral instability W full extension"
    },
    {
      "system" : "http://loinc.org",
      "code" : "100164-3",
      "display" : "Knee AP instability W 90 degree flexion"
    },
    {
      "system" : "http://loinc.org",
      "code" : "100165-0",
      "display" : "Knee range of motion"
    },
    {
      "system" : "http://loinc.org",
      "code" : "100166-8",
      "display" : "Flexion contracture range of Knee"
    },
    {
      "system" : "http://loinc.org",
      "code" : "100167-6",
      "display" : "Extensor lag range of Knee"
    },
    {
      "system" : "http://loinc.org",
      "code" : "10017-2",
      "display" : "R' wave amplitude in lead V2"
    },
    {
      "system" : "http://loinc.org",
      "code" : "10018-0",
      "display" : "R' wave amplitude in lead V3"
    },
    {
      "system" : "http://loinc.org",
      "code" : "10019-8",
      "display" : "R' wave amplitude in lead V4"
    },
    {
      "system" : "http://loinc.org",
      "code" : "10020-6",
      "display" : "R' wave amplitude in lead V5"
    },
    {
      "system" : "http://loinc.org",
      "code" : "10021-4",
      "display" : "R' wave amplitude in lead V6"
    },
    {
      "system" : "http://loinc.org",
      "code" : "100214-6",
      "display" : "Dental model prior authorization Document"
    },
    {
      "system" : "http://loinc.org",
      "code" : "100215-3",
      "display" : "Episode of care medical records Document Transplant surgery"
    },
    {
      "system" : "http://loinc.org",
      "code" : "100216-1",
      "display" : "Surgical synoptic report"
    },
    {
      "system" : "http://loinc.org",
      "code" : "100217-9",
      "display" : "Surgical oncology synoptic report"
    },
    {
      "system" : "http://loinc.org",
      "code" : "100218-7",
      "display" : "Surgical oncology of colon synoptic report"
    },
    {
      "system" : "http://loinc.org",
      "code" : "100219-5",
      "display" : "Surgical oncology of melanoma synoptic report"
    },
    {
      "system" : "http://loinc.org",
      "code" : "10022-2",
      "display" : "R' wave duration in lead AVF"
    },
    {
      "system" : "http://loinc.org",
      "code" : "100220-3",
      "display" : "Surgical oncology of breast synoptic report"
    },
    {
      "system" : "http://loinc.org",
      "code" : "100221-1",
      "display" : "Surgical oncology of thyroid synoptic report"
    },
    {
      "system" : "http://loinc.org",
      "code" : "100222-9",
      "display" : "Surgical oncology of pancreas synoptic report"
    },
    {
      "system" : "http://loinc.org",
      "code" : "100223-7",
      "display" : "Physical findings of Retina Narrative"
    },
    {
      "system" : "http://loinc.org",
      "code" : "100224-5",
      "display" : "Cardiac left ventricular segmental wall motion by echo panel"
    },
    {
      "system" : "http://loinc.org",
      "code" : "100225-2",
      "display" : "Bone density quantitative ultrasound study"
    },
    {
      "system" : "http://loinc.org",
      "code" : "100226-0",
      "display" : "Small bowel capsule endoscopy study Document"
    },
    {
      "system" : "http://loinc.org",
      "code" : "100227-8",
      "display" : "Colon capsule endoscopy study Document"
    },
    {
      "system" : "http://loinc.org",
      "code" : "100228-6",
      "display" : "Upper gastrointestinal capsule endoscopy study Document"
    },
    {
      "system" : "http://loinc.org",
      "code" : "100229-4",
      "display" : "Endoscopic ultrasound study Document"
    },
    {
      "system" : "http://loinc.org",
      "code" : "10023-0",
      "display" : "R' wave duration in lead AVL"
    },
    {
      "system" : "http://loinc.org",
      "code" : "100230-2",
      "display" : "Routine prenatal assessment panel"
    },
    {
      "system" : "http://loinc.org",
      "code" : "100231-0",
      "display" : "Endobronchial ultrasound study"
    },
    {
      "system" : "http://loinc.org",
      "code" : "10024-8",
      "display" : "R' wave duration in lead AVR"
    },
    {
      "system" : "http://loinc.org",
      "code" : "10025-5",
      "display" : "R' wave duration in lead I"
    },
    {
      "system" : "http://loinc.org",
      "code" : "100256-7",
      "display" : "Fallen in last 6 months"
    },
    {
      "system" : "http://loinc.org",
      "code" : "100257-5",
      "display" : "Feel unsteady when standing or walking"
    },
    {
      "system" : "http://loinc.org",
      "code" : "100258-3",
      "display" : "History of fall related injury"
    },
    {
      "system" : "http://loinc.org",
      "code" : "10026-3",
      "display" : "R' wave duration in lead II"
    },
    {
      "system" : "http://loinc.org",
      "code" : "10027-1",
      "display" : "R' wave duration in lead III"
    },
    {
      "system" : "http://loinc.org",
      "code" : "10028-9",
      "display" : "R' wave duration in lead V1"
    },
    {
      "system" : "http://loinc.org",
      "code" : "100282-3",
      "display" : "Vaccine exemption certificate"
    },
    {
      "system" : "http://loinc.org",
      "code" : "10029-7",
      "display" : "R' wave duration in lead V2"
    },
    {
      "system" : "http://loinc.org",
      "code" : "100298-9",
      "display" : "Repetition count"
    },
    {
      "system" : "http://loinc.org",
      "code" : "10030-5",
      "display" : "R' wave duration in lead V3"
    },
    {
      "system" : "http://loinc.org",
      "code" : "100300-3",
      "display" : "End time Unspecified body region"
    },
    {
      "system" : "http://loinc.org",
      "code" : "100301-1",
      "display" : "Start time Unspecified body region"
    },
    {
      "system" : "http://loinc.org",
      "code" : "100302-9",
      "display" : "Time period start and end panel Unspecified body region"
    },
    {
      "system" : "http://loinc.org",
      "code" : "100303-7",
      "display" : "Condition certainty of presence"
    },
    {
      "system" : "http://loinc.org",
      "code" : "100304-5",
      "display" : "Flights climbed [#] Reporting Period"
    },
    {
      "system" : "http://loinc.org",
      "code" : "10031-3",
      "display" : "R' wave duration in lead V4"
    },
    {
      "system" : "http://loinc.org",
      "code" : "10032-1",
      "display" : "R' wave duration in lead V5"
    },
    {
      "system" : "http://loinc.org",
      "code" : "10033-9",
      "display" : "R' wave duration in lead V6"
    },
    {
      "system" : "http://loinc.org",
      "code" : "10034-7",
      "display" : "S wave amplitude in lead AVF"
    },
    {
      "system" : "http://loinc.org",
      "code" : "100348-2",
      "display" : "Model for end-stage liver disease sodium score"
    },
    {
      "system" : "http://loinc.org",
      "code" : "100349-0",
      "display" : "US.doppler Penis vessels W vasodilator IV"
    },
    {
      "system" : "http://loinc.org",
      "code" : "10035-4",
      "display" : "S wave amplitude in lead AVL"
    },
    {
      "system" : "http://loinc.org",
      "code" : "10036-2",
      "display" : "S wave amplitude in lead AVR"
    },
    {
      "system" : "http://loinc.org",
      "code" : "100369-8",
      "display" : "NM Thyroid gland Views W Tl-201 IV"
    },
    {
      "system" : "http://loinc.org",
      "code" : "10037-0",
      "display" : "S wave amplitude in lead I"
    },
    {
      "system" : "http://loinc.org",
      "code" : "10038-8",
      "display" : "S wave amplitude in lead II"
    },
    {
      "system" : "http://loinc.org",
      "code" : "100382-1",
      "display" : "FDA package insert REMS addressed risk"
    },
    {
      "system" : "http://loinc.org",
      "code" : "10039-6",
      "display" : "S wave amplitude in lead III"
    },
    {
      "system" : "http://loinc.org",
      "code" : "10040-4",
      "display" : "S wave amplitude in lead V1"
    },
    {
      "system" : "http://loinc.org",
      "code" : "10041-2",
      "display" : "S wave amplitude in lead V2"
    },
    {
      "system" : "http://loinc.org",
      "code" : "10042-0",
      "display" : "S wave amplitude in lead V3"
    },
    {
      "system" : "http://loinc.org",
      "code" : "10043-8",
      "display" : "S wave amplitude in lead V4"
    },
    {
      "system" : "http://loinc.org",
      "code" : "100438-1",
      "display" : "Adolescent medicine Outpatient Progress note"
    },
    {
      "system" : "http://loinc.org",
      "code" : "100439-9",
      "display" : "Allergy and Immunology Outpatient Progress note"
    },
    {
      "system" : "http://loinc.org",
      "code" : "10044-6",
      "display" : "S wave amplitude in lead V5"
    },
    {
      "system" : "http://loinc.org",
      "code" : "100440-7",
      "display" : "Allergy Outpatient Progress note"
    },
    {
      "system" : "http://loinc.org",
      "code" : "100441-5",
      "display" : "Attending Outpatient Progress note"
    },
    {
      "system" : "http://loinc.org",
      "code" : "100442-3",
      "display" : "Audiology Outpatient Progress note"
    },
    {
      "system" : "http://loinc.org",
      "code" : "100443-1",
      "display" : "Bariatric surgery Outpatient Progress note"
    },
    {
      "system" : "http://loinc.org",
      "code" : "100444-9",
      "display" : "Blood banking and transfusion medicine Outpatient Progress note"
    },
    {
      "system" : "http://loinc.org",
      "code" : "100445-6",
      "display" : "Bone Marrow Transplant Outpatient Progress note"
    },
    {
      "system" : "http://loinc.org",
      "code" : "100446-4",
      "display" : "Breastfeeding Outpatient Progress note"
    },
    {
      "system" : "http://loinc.org",
      "code" : "100447-2",
      "display" : "Burn management Outpatient Progress note"
    },
    {
      "system" : "http://loinc.org",
      "code" : "100448-0",
      "display" : "Cardiac surgery Outpatient Progress note"
    },
    {
      "system" : "http://loinc.org",
      "code" : "100449-8",
      "display" : "Cardiopulmonary Outpatient Progress note"
    },
    {
      "system" : "http://loinc.org",
      "code" : "10045-3",
      "display" : "S wave amplitude in lead V6"
    },
    {
      "system" : "http://loinc.org",
      "code" : "100450-6",
      "display" : "Child and adolescent psychiatry Outpatient Progress note"
    },
    {
      "system" : "http://loinc.org",
      "code" : "100451-4",
      "display" : "Chiropractic medicine Outpatient Progress note"
    },
    {
      "system" : "http://loinc.org",
      "code" : "100452-2",
      "display" : "Clinical cardiac electrophysiology Outpatient Progress note"
    },
    {
      "system" : "http://loinc.org",
      "code" : "100453-0",
      "display" : "Clinical genetics Outpatient Progress note"
    },
    {
      "system" : "http://loinc.org",
      "code" : "100454-8",
      "display" : "Clinical neurophysiology Outpatient Progress note"
    },
    {
      "system" : "http://loinc.org",
      "code" : "100455-5",
      "display" : "Clinical pathology Outpatient Progress note"
    },
    {
      "system" : "http://loinc.org",
      "code" : "100456-3",
      "display" : "Colon and rectal surgery Outpatient Progress note"
    },
    {
      "system" : "http://loinc.org",
      "code" : "100457-1",
      "display" : "Consultant Outpatient Progress note"
    },
    {
      "system" : "http://loinc.org",
      "code" : "100458-9",
      "display" : "Outpatient COVID-19 Intubation Progress note"
    },
    {
      "system" : "http://loinc.org",
      "code" : "100459-7",
      "display" : "Outpatient COVID-19 Progress note"
    },
    {
      "system" : "http://loinc.org",
      "code" : "10046-1",
      "display" : "S wave duration in lead AVF"
    },
    {
      "system" : "http://loinc.org",
      "code" : "100460-5",
      "display" : "Dermatology Outpatient Progress note"
    },
    {
      "system" : "http://loinc.org",
      "code" : "100461-3",
      "display" : "Developmental-behavioral pediatrics Outpatient Progress note"
    },
    {
      "system" : "http://loinc.org",
      "code" : "100462-1",
      "display" : "Dialysis and Therapeutic apheresis Outpatient Progress note"
    },
    {
      "system" : "http://loinc.org",
      "code" : "100463-9",
      "display" : "Eating disorders Outpatient Progress note"
    },
    {
      "system" : "http://loinc.org",
      "code" : "100464-7",
      "display" : "Endocrinology Outpatient Progress note"
    },
    {
      "system" : "http://loinc.org",
      "code" : "100465-4",
      "display" : "Family medicine Outpatient Progress note"
    },
    {
      "system" : "http://loinc.org",
      "code" : "100466-2",
      "display" : "Gastroenterology Outpatient Progress note"
    },
    {
      "system" : "http://loinc.org",
      "code" : "100467-0",
      "display" : "Geriatric medicine Outpatient Progress note"
    },
    {
      "system" : "http://loinc.org",
      "code" : "100468-8",
      "display" : "Gynecologic oncology Outpatient Progress note"
    },
    {
      "system" : "http://loinc.org",
      "code" : "100469-6",
      "display" : "Gynecology Outpatient Progress note"
    },
    {
      "system" : "http://loinc.org",
      "code" : "10047-9",
      "display" : "S wave duration in lead AVL"
    },
    {
      "system" : "http://loinc.org",
      "code" : "100470-4",
      "display" : "Healthcare navigator Outpatient Progress note"
    },
    {
      "system" : "http://loinc.org",
      "code" : "100471-2",
      "display" : "Heart failure Outpatient Progress note"
    },
    {
      "system" : "http://loinc.org",
      "code" : "100472-0",
      "display" : "Heart failure+Transplant cardiology Outpatient Progress note"
    },
    {
      "system" : "http://loinc.org",
      "code" : "100473-8",
      "display" : "Hematology Outpatient Progress note"
    },
    {
      "system" : "http://loinc.org",
      "code" : "100474-6",
      "display" : "Hematology+Medical oncology Outpatient Progress note"
    },
    {
      "system" : "http://loinc.org",
      "code" : "100475-3",
      "display" : "Hepatology Outpatient Progress note"
    },
    {
      "system" : "http://loinc.org",
      "code" : "100476-1",
      "display" : "Immunology Outpatient Progress note"
    },
    {
      "system" : "http://loinc.org",
      "code" : "100477-9",
      "display" : "Infectious disease Outpatient Progress note"
    },
    {
      "system" : "http://loinc.org",
      "code" : "100478-7",
      "display" : "Internal medicine Outpatient Progress note"
    },
    {
      "system" : "http://loinc.org",
      "code" : "100479-5",
      "display" : "Interventional cardiology Outpatient Progress note"
    },
    {
      "system" : "http://loinc.org",
      "code" : "10048-7",
      "display" : "S wave duration in lead AVR"
    },
    {
      "system" : "http://loinc.org",
      "code" : "100480-3",
      "display" : "Interventional radiology Outpatient Progress note"
    },
    {
      "system" : "http://loinc.org",
      "code" : "100481-1",
      "display" : "Outpatient Mechanical circulatory support Progress note"
    },
    {
      "system" : "http://loinc.org",
      "code" : "100482-9",
      "display" : "Medical Aid in Dying Outpatient Progress note"
    },
    {
      "system" : "http://loinc.org",
      "code" : "100483-7",
      "display" : "Mental health Outpatient Progress note"
    },
    {
      "system" : "http://loinc.org",
      "code" : "100484-5",
      "display" : "Multi-specialty program Outpatient Progress note"
    },
    {
      "system" : "http://loinc.org",
      "code" : "100485-2",
      "display" : "Neonatal perinatal medicine Outpatient Progress note"
    },
    {
      "system" : "http://loinc.org",
      "code" : "100486-0",
      "display" : "Nephrology Outpatient Progress note"
    },
    {
      "system" : "http://loinc.org",
      "code" : "100487-8",
      "display" : "Neurological surgery Outpatient Progress note"
    },
    {
      "system" : "http://loinc.org",
      "code" : "100488-6",
      "display" : "Neurology Outpatient Progress note"
    },
    {
      "system" : "http://loinc.org",
      "code" : "100489-4",
      "display" : "Neurology with special qualifications in child neurology Outpatient Progress note"
    },
    {
      "system" : "http://loinc.org",
      "code" : "10049-5",
      "display" : "S wave duration in lead I"
    },
    {
      "system" : "http://loinc.org",
      "code" : "100490-2",
      "display" : "Nurse practitioner Outpatient Progress note"
    },
    {
      "system" : "http://loinc.org",
      "code" : "100491-0",
      "display" : "Nurse Outpatient Progress note"
    },
    {
      "system" : "http://loinc.org",
      "code" : "100492-8",
      "display" : "Nutrition and dietetics Outpatient Progress note"
    },
    {
      "system" : "http://loinc.org",
      "code" : "100493-6",
      "display" : "Obstetrics and Gynecology Outpatient Progress note"
    },
    {
      "system" : "http://loinc.org",
      "code" : "100494-4",
      "display" : "Obstetrics Outpatient Progress note"
    },
    {
      "system" : "http://loinc.org",
      "code" : "100495-1",
      "display" : "Occupational therapy Outpatient Progress note"
    },
    {
      "system" : "http://loinc.org",
      "code" : "100496-9",
      "display" : "Oncology Outpatient Progress note"
    },
    {
      "system" : "http://loinc.org",
      "code" : "100497-7",
      "display" : "Ophthalmology Outpatient Progress note"
    },
    {
      "system" : "http://loinc.org",
      "code" : "100498-5",
      "display" : "Optometry Outpatient Progress note"
    },
    {
      "system" : "http://loinc.org",
      "code" : "100499-3",
      "display" : "Oral and Maxillofacial Surgery Outpatient Progress note"
    },
    {
      "system" : "http://loinc.org",
      "code" : "10050-3",
      "display" : "S wave duration in lead II"
    },
    {
      "system" : "http://loinc.org",
      "code" : "100500-8",
      "display" : "Orthopaedic surgery Outpatient Progress note"
    },
    {
      "system" : "http://loinc.org",
      "code" : "100501-6",
      "display" : "Orthotics prosthetics Outpatient Progress note"
    },
    {
      "system" : "http://loinc.org",
      "code" : "100502-4",
      "display" : "Otolaryngology Outpatient Progress note"
    },
    {
      "system" : "http://loinc.org",
      "code" : "100503-2",
      "display" : "Pain medicine Outpatient Progress note"
    },
    {
      "system" : "http://loinc.org",
      "code" : "100504-0",
      "display" : "Palliative care Outpatient Progress note"
    },
    {
      "system" : "http://loinc.org",
      "code" : "100505-7",
      "display" : "Pediatric cardiology Outpatient Progress note"
    },
    {
      "system" : "http://loinc.org",
      "code" : "100506-5",
      "display" : "Pediatric dermatology Outpatient Progress note"
    },
    {
      "system" : "http://loinc.org",
      "code" : "100507-3",
      "display" : "Pediatric endocrinology Outpatient Progress note"
    },
    {
      "system" : "http://loinc.org",
      "code" : "100508-1",
      "display" : "Pediatric gastroenterology Outpatient Progress note"
    },
    {
      "system" : "http://loinc.org",
      "code" : "100509-9",
      "display" : "Pediatric hematology-oncology Outpatient Progress note"
    },
    {
      "system" : "http://loinc.org",
      "code" : "10051-1",
      "display" : "S wave duration in lead III"
    },
    {
      "system" : "http://loinc.org",
      "code" : "100510-7",
      "display" : "Pediatric infectious diseases Outpatient Progress note"
    },
    {
      "system" : "http://loinc.org",
      "code" : "100511-5",
      "display" : "Pediatric otolaryngology Outpatient Progress note"
    },
    {
      "system" : "http://loinc.org",
      "code" : "100512-3",
      "display" : "Pediatric pulmonology Outpatient Progress note"
    },
    {
      "system" : "http://loinc.org",
      "code" : "100513-1",
      "display" : "Pediatric rheumatology Outpatient Progress note"
    },
    {
      "system" : "http://loinc.org",
      "code" : "100514-9",
      "display" : "Pediatric surgery Outpatient Progress note"
    },
    {
      "system" : "http://loinc.org",
      "code" : "100515-6",
      "display" : "Pediatric transplant hepatology Outpatient Progress note"
    },
    {
      "system" : "http://loinc.org",
      "code" : "100516-4",
      "display" : "Pediatric urology Outpatient Progress note"
    },
    {
      "system" : "http://loinc.org",
      "code" : "100517-2",
      "display" : "Pharmacogenomics Outpatient Progress note"
    },
    {
      "system" : "http://loinc.org",
      "code" : "100518-0",
      "display" : "Physical medicine and rehab Outpatient Progress note"
    },
    {
      "system" : "http://loinc.org",
      "code" : "100519-8",
      "display" : "Physical therapy Outpatient Progress note"
    },
    {
      "system" : "http://loinc.org",
      "code" : "10052-9",
      "display" : "S wave duration in lead V1"
    },
    {
      "system" : "http://loinc.org",
      "code" : "100520-6",
      "display" : "Plastic surgery Outpatient Progress note"
    },
    {
      "system" : "http://loinc.org",
      "code" : "100521-4",
      "display" : "Podiatry Outpatient Progress note"
    },
    {
      "system" : "http://loinc.org",
      "code" : "100522-2",
      "display" : "Psychiatry Hospital Progress note"
    },
    {
      "system" : "http://loinc.org",
      "code" : "100523-0",
      "display" : "Psychology Outpatient Progress note"
    },
    {
      "system" : "http://loinc.org",
      "code" : "100524-8",
      "display" : "Pulmonary Outpatient Progress note"
    },
    {
      "system" : "http://loinc.org",
      "code" : "100525-5",
      "display" : "Radiation oncology Outpatient Progress note"
    },
    {
      "system" : "http://loinc.org",
      "code" : "100526-3",
      "display" : "Radiology Outpatient Progress note"
    },
    {
      "system" : "http://loinc.org",
      "code" : "100527-1",
      "display" : "Recreational therapy Outpatient Progress note"
    },
    {
      "system" : "http://loinc.org",
      "code" : "100528-9",
      "display" : "Reproductive endocrinology and infertility Outpatient Progress note"
    },
    {
      "system" : "http://loinc.org",
      "code" : "100529-7",
      "display" : "Research Outpatient Progress note"
    },
    {
      "system" : "http://loinc.org",
      "code" : "10053-7",
      "display" : "S wave duration in lead V2"
    },
    {
      "system" : "http://loinc.org",
      "code" : "100530-5",
      "display" : "Rheumatology Outpatient Progress note"
    },
    {
      "system" : "http://loinc.org",
      "code" : "100531-3",
      "display" : "Sleep medicine Outpatient Progress note"
    },
    {
      "system" : "http://loinc.org",
      "code" : "100532-1",
      "display" : "Social worker Outpatient Progress note"
    },
    {
      "system" : "http://loinc.org",
      "code" : "100533-9",
      "display" : "Solid Organ Transplant Outpatient Progress note"
    },
    {
      "system" : "http://loinc.org",
      "code" : "100534-7",
      "display" : "Speech-language pathology Outpatient Progress note"
    },
    {
      "system" : "http://loinc.org",
      "code" : "100535-4",
      "display" : "Spinal surgery Outpatient Progress note"
    },
    {
      "system" : "http://loinc.org",
      "code" : "100536-2",
      "display" : "Sports medicine Outpatient Progress note"
    },
    {
      "system" : "http://loinc.org",
      "code" : "100537-0",
      "display" : "Surgery of the hand Outpatient Progress note"
    },
    {
      "system" : "http://loinc.org",
      "code" : "100538-8",
      "display" : "Telehealth+Outpatient Progress note"
    },
    {
      "system" : "http://loinc.org",
      "code" : "100539-6",
      "display" : "Thromboembolism Outpatient Progress note"
    },
    {
      "system" : "http://loinc.org",
      "code" : "10054-5",
      "display" : "S wave duration in lead V3"
    },
    {
      "system" : "http://loinc.org",
      "code" : "100540-4",
      "display" : "Transplant surgery Outpatient Progress note"
    },
    {
      "system" : "http://loinc.org",
      "code" : "100541-2",
      "display" : "Trauma Outpatient Progress note"
    },
    {
      "system" : "http://loinc.org",
      "code" : "100542-0",
      "display" : "Urology Outpatient Progress note"
    },
    {
      "system" : "http://loinc.org",
      "code" : "100543-8",
      "display" : "Vascular neurology Outpatient Progress note"
    },
    {
      "system" : "http://loinc.org",
      "code" : "100544-6",
      "display" : "Vascular surgery Outpatient Progress note"
    },
    {
      "system" : "http://loinc.org",
      "code" : "100545-3",
      "display" : "Wound care management Outpatient Progress note"
    },
    {
      "system" : "http://loinc.org",
      "code" : "100546-1",
      "display" : "Wound, Ostomy, and Continence Care Outpatient Progress note"
    },
    {
      "system" : "http://loinc.org",
      "code" : "100547-9",
      "display" : "Adolescent medicine Hospital Progress note"
    },
    {
      "system" : "http://loinc.org",
      "code" : "100548-7",
      "display" : "Allergy and Immunology Hospital Progress note"
    },
    {
      "system" : "http://loinc.org",
      "code" : "100549-5",
      "display" : "Allergy Hospital Progress note"
    },
    {
      "system" : "http://loinc.org",
      "code" : "10055-2",
      "display" : "S wave duration in lead V4"
    },
    {
      "system" : "http://loinc.org",
      "code" : "100550-3",
      "display" : "Attending Hospital Progress note"
    },
    {
      "system" : "http://loinc.org",
      "code" : "100551-1",
      "display" : "Audiology Hospital Progress note"
    },
    {
      "system" : "http://loinc.org",
      "code" : "100552-9",
      "display" : "Bariatric surgery Hospital Progress note"
    },
    {
      "system" : "http://loinc.org",
      "code" : "100553-7",
      "display" : "Blood banking and transfusion medicine Hospital Progress note"
    },
    {
      "system" : "http://loinc.org",
      "code" : "100554-5",
      "display" : "Bone Marrow Transplant Hospital Progress note"
    },
    {
      "system" : "http://loinc.org",
      "code" : "100555-2",
      "display" : "Breastfeeding Hospital Progress note"
    },
    {
      "system" : "http://loinc.org",
      "code" : "100556-0",
      "display" : "Burn management Hospital Progress note"
    },
    {
      "system" : "http://loinc.org",
      "code" : "100557-8",
      "display" : "Cardiac surgery Hospital Progress note"
    },
    {
      "system" : "http://loinc.org",
      "code" : "100558-6",
      "display" : "Cardiopulmonary Hospital Progress note"
    },
    {
      "system" : "http://loinc.org",
      "code" : "100559-4",
      "display" : "Child and adolescent psychiatry Hospital Progress note"
    },
    {
      "system" : "http://loinc.org",
      "code" : "10056-0",
      "display" : "S wave duration in lead V5"
    },
    {
      "system" : "http://loinc.org",
      "code" : "100560-2",
      "display" : "Clinical cardiac electrophysiology Hospital Progress note"
    },
    {
      "system" : "http://loinc.org",
      "code" : "100561-0",
      "display" : "Clinical genetics Hospital Progress note"
    },
    {
      "system" : "http://loinc.org",
      "code" : "100562-8",
      "display" : "Clinical neurophysiology Hospital Progress note"
    },
    {
      "system" : "http://loinc.org",
      "code" : "100563-6",
      "display" : "Clinical pathology Hospital Progress note"
    },
    {
      "system" : "http://loinc.org",
      "code" : "100564-4",
      "display" : "Colon and rectal surgery Hospital Progress note"
    },
    {
      "system" : "http://loinc.org",
      "code" : "100565-1",
      "display" : "Consultant Hospital Progress note"
    },
    {
      "system" : "http://loinc.org",
      "code" : "100566-9",
      "display" : "Dentistry Hospital Progress note"
    },
    {
      "system" : "http://loinc.org",
      "code" : "100567-7",
      "display" : "Dermatology Hospital Progress note"
    },
    {
      "system" : "http://loinc.org",
      "code" : "100568-5",
      "display" : "Developmental-behavioral pediatrics Hospital Progress note"
    },
    {
      "system" : "http://loinc.org",
      "code" : "100569-3",
      "display" : "Dialysis and Therapeutic apheresis Hospital Progress note"
    },
    {
      "system" : "http://loinc.org",
      "code" : "10057-8",
      "display" : "S wave duration in lead V6"
    },
    {
      "system" : "http://loinc.org",
      "code" : "100570-1",
      "display" : "Eating disorders Hospital Progress note"
    },
    {
      "system" : "http://loinc.org",
      "code" : "100571-9",
      "display" : "Endocrinology Hospital Progress note"
    },
    {
      "system" : "http://loinc.org",
      "code" : "100572-7",
      "display" : "Family medicine Hospital Progress note"
    },
    {
      "system" : "http://loinc.org",
      "code" : "100573-5",
      "display" : "Gastroenterology Hospital Progress note"
    },
    {
      "system" : "http://loinc.org",
      "code" : "100574-3",
      "display" : "General medicine Hospital Progress note"
    },
    {
      "system" : "http://loinc.org",
      "code" : "100575-0",
      "display" : "Geriatric medicine Hospital Progress note"
    },
    {
      "system" : "http://loinc.org",
      "code" : "100576-8",
      "display" : "Gynecologic oncology Hospital Progress note"
    },
    {
      "system" : "http://loinc.org",
      "code" : "100577-6",
      "display" : "Gynecology Hospital Progress note"
    },
    {
      "system" : "http://loinc.org",
      "code" : "100578-4",
      "display" : "Healthcare navigator Hospital Progress note"
    },
    {
      "system" : "http://loinc.org",
      "code" : "100579-2",
      "display" : "Heart failure Hospital Progress note"
    },
    {
      "system" : "http://loinc.org",
      "code" : "10058-6",
      "display" : "S' wave amplitude in lead AVF"
    },
    {
      "system" : "http://loinc.org",
      "code" : "100580-0",
      "display" : "Heart failure+Transplant cardiology Hospital Progress note"
    },
    {
      "system" : "http://loinc.org",
      "code" : "100581-8",
      "display" : "Hematology Hospital Progress note"
    },
    {
      "system" : "http://loinc.org",
      "code" : "100582-6",
      "display" : "Hematology+Medical oncology Hospital Progress note"
    },
    {
      "system" : "http://loinc.org",
      "code" : "100583-4",
      "display" : "Hepatology Hospital Progress note"
    },
    {
      "system" : "http://loinc.org",
      "code" : "100584-2",
      "display" : "Immunology Hospital Progress note"
    },
    {
      "system" : "http://loinc.org",
      "code" : "100585-9",
      "display" : "Infectious disease Hospital Progress note"
    },
    {
      "system" : "http://loinc.org",
      "code" : "100586-7",
      "display" : "Internal medicine Hospital Progress note"
    },
    {
      "system" : "http://loinc.org",
      "code" : "100587-5",
      "display" : "Interventional cardiology Hospital Progress note"
    },
    {
      "system" : "http://loinc.org",
      "code" : "100588-3",
      "display" : "Interventional radiology Hospital Progress note"
    },
    {
      "system" : "http://loinc.org",
      "code" : "100589-1",
      "display" : "Hospital Mechanical circulatory support Progress note"
    },
    {
      "system" : "http://loinc.org",
      "code" : "10059-4",
      "display" : "S' wave amplitude in lead AVL"
    },
    {
      "system" : "http://loinc.org",
      "code" : "100590-9",
      "display" : "Medical Aid in Dying Hospital Progress note"
    },
    {
      "system" : "http://loinc.org",
      "code" : "100591-7",
      "display" : "Mental health Hospital Progress note"
    },
    {
      "system" : "http://loinc.org",
      "code" : "100592-5",
      "display" : "Multi-specialty program Hospital Progress note"
    },
    {
      "system" : "http://loinc.org",
      "code" : "100593-3",
      "display" : "Neonatal perinatal medicine Hospital Progress note"
    },
    {
      "system" : "http://loinc.org",
      "code" : "100594-1",
      "display" : "Nephrology Hospital Progress note"
    },
    {
      "system" : "http://loinc.org",
      "code" : "100595-8",
      "display" : "Neurological surgery Hospital Progress note"
    },
    {
      "system" : "http://loinc.org",
      "code" : "100596-6",
      "display" : "Neurology Hospital Progress note"
    },
    {
      "system" : "http://loinc.org",
      "code" : "100597-4",
      "display" : "Neurology with special qualifications in child neurology Hospital Progress note"
    },
    {
      "system" : "http://loinc.org",
      "code" : "100598-2",
      "display" : "Nurse practitioner Hospital Progress note"
    },
    {
      "system" : "http://loinc.org",
      "code" : "100599-0",
      "display" : "Nurse Hospital Progress note"
    },
    {
      "system" : "http://loinc.org",
      "code" : "10060-2",
      "display" : "S' wave amplitude in lead AVR"
    },
    {
      "system" : "http://loinc.org",
      "code" : "100600-6",
      "display" : "Nutrition and dietetics Hospital Progress note"
    },
    {
      "system" : "http://loinc.org",
      "code" : "100601-4",
      "display" : "Obstetrics and Gynecology Hospital Progress note"
    },
    {
      "system" : "http://loinc.org",
      "code" : "100602-2",
      "display" : "Obstetrics Hospital Progress note"
    },
    {
      "system" : "http://loinc.org",
      "code" : "100603-0",
      "display" : "Occupational therapy Hospital Progress note"
    },
    {
      "system" : "http://loinc.org",
      "code" : "100604-8",
      "display" : "Oncology Hospital Progress note"
    },
    {
      "system" : "http://loinc.org",
      "code" : "100605-5",
      "display" : "Ophthalmology Hospital Progress note"
    },
    {
      "system" : "http://loinc.org",
      "code" : "100606-3",
      "display" : "Oral and Maxillofacial Surgery Hospital Progress note"
    },
    {
      "system" : "http://loinc.org",
      "code" : "100607-1",
      "display" : "Orthopaedic surgery Hospital Progress note"
    },
    {
      "system" : "http://loinc.org",
      "code" : "100608-9",
      "display" : "Orthotics prosthetics Hospital Progress note"
    },
    {
      "system" : "http://loinc.org",
      "code" : "100609-7",
      "display" : "Otolaryngology Hospital Progress note"
    },
    {
      "system" : "http://loinc.org",
      "code" : "10061-0",
      "display" : "S' wave amplitude in lead I"
    },
    {
      "system" : "http://loinc.org",
      "code" : "100610-5",
      "display" : "Pain medicine Hospital Progress note"
    },
    {
      "system" : "http://loinc.org",
      "code" : "100611-3",
      "display" : "Palliative care Hospital Progress note"
    },
    {
      "system" : "http://loinc.org",
      "code" : "100612-1",
      "display" : "Pastoral care Hospital Progress note"
    },
    {
      "system" : "http://loinc.org",
      "code" : "100613-9",
      "display" : "Pediatric cardiology Hospital Progress note"
    },
    {
      "system" : "http://loinc.org",
      "code" : "100614-7",
      "display" : "Pediatric dermatology Hospital Progress note"
    },
    {
      "system" : "http://loinc.org",
      "code" : "100615-4",
      "display" : "Pediatric endocrinology Hospital Progress note"
    },
    {
      "system" : "http://loinc.org",
      "code" : "100616-2",
      "display" : "Pediatric gastroenterology Hospital Progress note"
    },
    {
      "system" : "http://loinc.org",
      "code" : "100617-0",
      "display" : "Pediatric hematology-oncology Hospital Progress note"
    },
    {
      "system" : "http://loinc.org",
      "code" : "100618-8",
      "display" : "Pediatric infectious diseases Hospital Progress note"
    },
    {
      "system" : "http://loinc.org",
      "code" : "100619-6",
      "display" : "Pediatric otolaryngology Hospital Progress note"
    },
    {
      "system" : "http://loinc.org",
      "code" : "10062-8",
      "display" : "S' wave amplitude in lead II"
    },
    {
      "system" : "http://loinc.org",
      "code" : "100620-4",
      "display" : "Pediatric pulmonology Hospital Progress note"
    },
    {
      "system" : "http://loinc.org",
      "code" : "100621-2",
      "display" : "Pediatric rheumatology Hospital Progress note"
    },
    {
      "system" : "http://loinc.org",
      "code" : "100622-0",
      "display" : "Pediatric surgery Hospital Progress note"
    },
    {
      "system" : "http://loinc.org",
      "code" : "100623-8",
      "display" : "Pediatric transplant hepatology Hospital Progress note"
    },
    {
      "system" : "http://loinc.org",
      "code" : "100624-6",
      "display" : "Pharmacogenomics Hospital Progress note"
    },
    {
      "system" : "http://loinc.org",
      "code" : "100625-3",
      "display" : "Pharmacology Hospital Progress note"
    },
    {
      "system" : "http://loinc.org",
      "code" : "100626-1",
      "display" : "Physical medicine and rehab Hospital Progress note"
    },
    {
      "system" : "http://loinc.org",
      "code" : "100627-9",
      "display" : "Physical therapy Hospital Progress note"
    },
    {
      "system" : "http://loinc.org",
      "code" : "100628-7",
      "display" : "Plastic surgery Hospital Progress note"
    },
    {
      "system" : "http://loinc.org",
      "code" : "100629-5",
      "display" : "Podiatry Hospital Progress note"
    },
    {
      "system" : "http://loinc.org",
      "code" : "10063-6",
      "display" : "S' wave amplitude in lead III"
    },
    {
      "system" : "http://loinc.org",
      "code" : "100630-3",
      "display" : "Psychology Hospital Progress note"
    },
    {
      "system" : "http://loinc.org",
      "code" : "100631-1",
      "display" : "Radiation oncology Hospital Progress note"
    },
    {
      "system" : "http://loinc.org",
      "code" : "100632-9",
      "display" : "Radiology Hospital Progress note"
    },
    {
      "system" : "http://loinc.org",
      "code" : "100633-7",
      "display" : "Rapid response team Hospital Progress note"
    },
    {
      "system" : "http://loinc.org",
      "code" : "100634-5",
      "display" : "Recreational therapy Hospital Progress note"
    },
    {
      "system" : "http://loinc.org",
      "code" : "100635-2",
      "display" : "Reproductive endocrinology and infertility Hospital Progress note"
    },
    {
      "system" : "http://loinc.org",
      "code" : "100636-0",
      "display" : "Research Hospital Progress note"
    },
    {
      "system" : "http://loinc.org",
      "code" : "100637-8",
      "display" : "Rheumatology Hospital Progress note"
    },
    {
      "system" : "http://loinc.org",
      "code" : "100638-6",
      "display" : "Sleep medicine Hospital Progress note"
    },
    {
      "system" : "http://loinc.org",
      "code" : "100639-4",
      "display" : "Social worker Hospital Progress note"
    },
    {
      "system" : "http://loinc.org",
      "code" : "10064-4",
      "display" : "S' wave amplitude in lead V1"
    },
    {
      "system" : "http://loinc.org",
      "code" : "100640-2",
      "display" : "Solid Organ Transplant Hospital Progress note"
    },
    {
      "system" : "http://loinc.org",
      "code" : "100641-0",
      "display" : "Speech-language pathology Hospital Progress note"
    },
    {
      "system" : "http://loinc.org",
      "code" : "100642-8",
      "display" : "Spinal surgery Hospital Progress note"
    },
    {
      "system" : "http://loinc.org",
      "code" : "100643-6",
      "display" : "Surgery of the hand Hospital Progress note"
    },
    {
      "system" : "http://loinc.org",
      "code" : "100644-4",
      "display" : "Thromboembolism Hospital Progress note"
    },
    {
      "system" : "http://loinc.org",
      "code" : "100645-1",
      "display" : "Trauma Hospital Progress note"
    },
    {
      "system" : "http://loinc.org",
      "code" : "100646-9",
      "display" : "Urology Hospital Progress note"
    },
    {
      "system" : "http://loinc.org",
      "code" : "100647-7",
      "display" : "Vascular neurology Hospital Progress note"
    },
    {
      "system" : "http://loinc.org",
      "code" : "100648-5",
      "display" : "Vascular surgery Hospital Progress note"
    },
    {
      "system" : "http://loinc.org",
      "code" : "100649-3",
      "display" : "Wound care management Hospital Progress note"
    },
    {
      "system" : "http://loinc.org",
      "code" : "10065-1",
      "display" : "S' wave amplitude in lead V2"
    },
    {
      "system" : "http://loinc.org",
      "code" : "100650-1",
      "display" : "Wound, Ostomy, and Continence Care Hospital Progress note"
    },
    {
      "system" : "http://loinc.org",
      "code" : "100651-9",
      "display" : "Hospital COVID-19 Intubation Progress note"
    },
    {
      "system" : "http://loinc.org",
      "code" : "100652-7",
      "display" : "Pure tone bone conduction threshold audiometry panel"
    },
    {
      "system" : "http://loinc.org",
      "code" : "100653-5",
      "display" : "Pure tone air conduction threshold audiometry panel"
    },
    {
      "system" : "http://loinc.org",
      "code" : "100655-0",
      "display" : "XR Sella turcica Lateral"
    },
    {
      "system" : "http://loinc.org",
      "code" : "100656-8",
      "display" : "Maternal and fetal medicine Outpatient Progress note"
    },
    {
      "system" : "http://loinc.org",
      "code" : "100657-6",
      "display" : "Maternal and fetal medicine Telephone encounter+Hospital Progress note"
    },
    {
      "system" : "http://loinc.org",
      "code" : "100658-4",
      "display" : "Hospital COVID-19 Progress note"
    },
    {
      "system" : "http://loinc.org",
      "code" : "100659-2",
      "display" : "Maternal and fetal medicine Hospital Progress note"
    },
    {
      "system" : "http://loinc.org",
      "code" : "10066-9",
      "display" : "S' wave amplitude in lead V3"
    },
    {
      "system" : "http://loinc.org",
      "code" : "100660-0",
      "display" : "Maternal and fetal medicine Telephone encounter+Outpatient Progress note"
    },
    {
      "system" : "http://loinc.org",
      "code" : "100661-8",
      "display" : "Psychiatry Outpatient Progress note"
    },
    {
      "system" : "http://loinc.org",
      "code" : "10067-7",
      "display" : "S' wave amplitude in lead V4"
    },
    {
      "system" : "http://loinc.org",
      "code" : "10068-5",
      "display" : "S' wave amplitude in lead V5"
    },
    {
      "system" : "http://loinc.org",
      "code" : "10069-3",
      "display" : "S' wave amplitude in lead V6"
    },
    {
      "system" : "http://loinc.org",
      "code" : "100697-2",
      "display" : "Interventional radiology Outpatient Note"
    },
    {
      "system" : "http://loinc.org",
      "code" : "100698-0",
      "display" : "Social Determinants of Health screening report Document"
    },
    {
      "system" : "http://loinc.org",
      "code" : "10070-1",
      "display" : "S' wave duration in lead AVF"
    },
    {
      "system" : "http://loinc.org",
      "code" : "10071-9",
      "display" : "S' wave duration in lead AVL"
    },
    {
      "system" : "http://loinc.org",
      "code" : "100718-6",
      "display" : "Undersea and hyperbaric medicine Discharge summary"
    },
    {
      "system" : "http://loinc.org",
      "code" : "100719-4",
      "display" : "Surgical oncology Discharge summary"
    },
    {
      "system" : "http://loinc.org",
      "code" : "10072-7",
      "display" : "S' wave duration in lead AVR"
    },
    {
      "system" : "http://loinc.org",
      "code" : "100720-2",
      "display" : "Reproductive endocrinology and infertility Discharge summary"
    },
    {
      "system" : "http://loinc.org",
      "code" : "100721-0",
      "display" : "Community health care Discharge summary"
    },
    {
      "system" : "http://loinc.org",
      "code" : "100722-8",
      "display" : "Integrative medicine Discharge summary"
    },
    {
      "system" : "http://loinc.org",
      "code" : "100723-6",
      "display" : "Sports medicine Discharge summary"
    },
    {
      "system" : "http://loinc.org",
      "code" : "100724-4",
      "display" : "Diabetology Discharge summary"
    },
    {
      "system" : "http://loinc.org",
      "code" : "100725-1",
      "display" : "Optometry Discharge summary"
    },
    {
      "system" : "http://loinc.org",
      "code" : "100726-9",
      "display" : "Podiatry Discharge summary"
    },
    {
      "system" : "http://loinc.org",
      "code" : "100727-7",
      "display" : "Chiropractic medicine Discharge summary"
    },
    {
      "system" : "http://loinc.org",
      "code" : "100728-5",
      "display" : "Cardiac surgery Discharge summary"
    },
    {
      "system" : "http://loinc.org",
      "code" : "100729-3",
      "display" : "Breastfeeding Discharge summary"
    },
    {
      "system" : "http://loinc.org",
      "code" : "10073-5",
      "display" : "S' wave duration in lead I"
    },
    {
      "system" : "http://loinc.org",
      "code" : "100730-1",
      "display" : "Transplant surgery Discharge summary"
    },
    {
      "system" : "http://loinc.org",
      "code" : "100731-9",
      "display" : "Urgent care center Discharge summary"
    },
    {
      "system" : "http://loinc.org",
      "code" : "10074-3",
      "display" : "S' wave duration in lead II"
    },
    {
      "system" : "http://loinc.org",
      "code" : "10075-0",
      "display" : "S' wave duration in lead III"
    },
    {
      "system" : "http://loinc.org",
      "code" : "100752-5",
      "display" : "Exacerbating factors - Reported"
    },
    {
      "system" : "http://loinc.org",
      "code" : "100753-3",
      "display" : "Alleviating factors - Reported"
    },
    {
      "system" : "http://loinc.org",
      "code" : "100758-2",
      "display" : "Estimated lung age by based on clinical data"
    },
    {
      "system" : "http://loinc.org",
      "code" : "100759-0",
      "display" : "Inspiratory reserve [Volume] Respiratory system by Spirometry"
    },
    {
      "system" : "http://loinc.org",
      "code" : "10076-8",
      "display" : "S' wave duration in lead V1"
    },
    {
      "system" : "http://loinc.org",
      "code" : "100760-8",
      "display" : "XR Radius and Ulna - left Single view"
    },
    {
      "system" : "http://loinc.org",
      "code" : "10077-6",
      "display" : "S' wave duration in lead V2"
    },
    {
      "system" : "http://loinc.org",
      "code" : "10078-4",
      "display" : "S' wave duration in lead V3"
    },
    {
      "system" : "http://loinc.org",
      "code" : "10079-2",
      "display" : "S' wave duration in lead V4"
    },
    {
      "system" : "http://loinc.org",
      "code" : "10080-0",
      "display" : "S' wave duration in lead V5"
    },
    {
      "system" : "http://loinc.org",
      "code" : "10081-8",
      "display" : "S' wave duration in lead V6"
    },
    {
      "system" : "http://loinc.org",
      "code" : "10082-6",
      "display" : "ST initial amplitude 6 ms in lead AVF"
    },
    {
      "system" : "http://loinc.org",
      "code" : "100821-8",
      "display" : "National POLST form: portable medical order panel"
    },
    {
      "system" : "http://loinc.org",
      "code" : "100822-6",
      "display" : "Cardiopulmonary resuscitation orders"
    },
    {
      "system" : "http://loinc.org",
      "code" : "100823-4",
      "display" : "Initial portable medical treatment orders"
    },
    {
      "system" : "http://loinc.org",
      "code" : "100824-2",
      "display" : "Additional portable medical orders or instructions"
    },
    {
      "system" : "http://loinc.org",
      "code" : "100825-9",
      "display" : "Medically assisted nutrition orders"
    },
    {
      "system" : "http://loinc.org",
      "code" : "100826-7",
      "display" : "Portable medical order AndOr advance directive review"
    },
    {
      "system" : "http://loinc.org",
      "code" : "100827-5",
      "display" : "Portable medical order discussion participants"
    },
    {
      "system" : "http://loinc.org",
      "code" : "100828-3",
      "display" : "Portable medical order administrative information"
    },
    {
      "system" : "http://loinc.org",
      "code" : "10083-4",
      "display" : "ST initial amplitude 6 ms in lead AVL"
    },
    {
      "system" : "http://loinc.org",
      "code" : "10084-2",
      "display" : "ST initial amplitude 6 ms in lead AVR"
    },
    {
      "system" : "http://loinc.org",
      "code" : "10085-9",
      "display" : "ST initial amplitude 6 ms in lead I"
    },
    {
      "system" : "http://loinc.org",
      "code" : "100852-3",
      "display" : "NM Bones Views for metastasis W Sr-89 IV"
    },
    {
      "system" : "http://loinc.org",
      "code" : "100853-1",
      "display" : "NM Pericardial space Pericardial effusion"
    },
    {
      "system" : "http://loinc.org",
      "code" : "10086-7",
      "display" : "ST initial amplitude 6 ms in lead II"
    },
    {
      "system" : "http://loinc.org",
      "code" : "10087-5",
      "display" : "ST initial amplitude 6 ms in lead III"
    },
    {
      "system" : "http://loinc.org",
      "code" : "100875-4",
      "display" : "Fetal Heart Document limited US"
    },
    {
      "system" : "http://loinc.org",
      "code" : "100876-2",
      "display" : "Fetal Heart Document US"
    },
    {
      "system" : "http://loinc.org",
      "code" : "100877-0",
      "display" : "US Heart Transesophageal during surgery"
    },
    {
      "system" : "http://loinc.org",
      "code" : "100878-8",
      "display" : "Endoscopic ultrasound study Upper GI tract Document"
    },
    {
      "system" : "http://loinc.org",
      "code" : "100879-6",
      "display" : "US Guidance for cryoablation of Breast - right"
    },
    {
      "system" : "http://loinc.org",
      "code" : "10088-3",
      "display" : "ST initial amplitude 6 ms in lead V1"
    },
    {
      "system" : "http://loinc.org",
      "code" : "100880-4",
      "display" : "US Guidance for cryoablation of Breast - left"
    },
    {
      "system" : "http://loinc.org",
      "code" : "100881-2",
      "display" : "MR Guidance for cryoablation of Bone"
    },
    {
      "system" : "http://loinc.org",
      "code" : "100882-0",
      "display" : "MR Peritoneum W contrast percutaneous intraperitoneal"
    },
    {
      "system" : "http://loinc.org",
      "code" : "100883-8",
      "display" : "MR Guidance for biopsy of Kidney - left"
    },
    {
      "system" : "http://loinc.org",
      "code" : "100884-6",
      "display" : "MR Guidance for biopsy of Kidney - right"
    },
    {
      "system" : "http://loinc.org",
      "code" : "10089-1",
      "display" : "ST initial amplitude 6 ms in lead V2"
    },
    {
      "system" : "http://loinc.org",
      "code" : "100894-5",
      "display" : "Recommended screening frequency Narrative"
    }]
  }
}