{
  "resourceType" : "ValueSet",
  "id" : "eefff1e8-9872-4ac9-8ecc-dc26c32f0fb0-87",
  "url" : "http://hl7.org/fhir/comparison/ValueSet/eefff1e8-9872-4ac9-8ecc-dc26c32f0fb0-87",
  "name" : "IntersectionUSCoreObservationSmokingStatusStatusAndObservationStatus",
  "title" : "Intersection of US Core Status for Smoking Status Observation And ObservationStatus",
  "status" : "active",
  "date" : "2023-01-27T18:42:34+00:00",
  "expansion" : {
    "contains" : [{
      "system" : "http://hl7.org/fhir/observation-status",
      "code" : "final",
      "display" : "Final"
    },
    {
      "system" : "http://hl7.org/fhir/observation-status",
      "code" : "entered-in-error",
      "display" : "Entered in Error"
    }]
  }
}