<?xml version="1.0" encoding="UTF-8"?><ValueSet xmlns="http://hl7.org/fhir"><id value="phenotypic-component"/><text><status value="generated"/><div xmlns="http://www.w3.org/1999/xhtml"><ul><li>Include these codes as defined in <code>http://github.com/phenopackets/core-ig/CodeSystem/hpo</code><table class="none"><tr><td style="white-space:nowrap"><b>Code</b></td><td><b>Display</b></td></tr><tr><td>HP:0012823</td><td/></tr><tr><td>HP:0012824</td><td/></tr><tr><td>HP:0003674</td><td/></tr></table></li></ul></div></text><url value="https://github.com/phenopackets/core-ig/ValueSet/phenotypic-component"/><version value="0.1.0"/><name value="PhenotypicComponentValueSet"/><title value="Phenotypic component ValueSet"/><status value="active"/><date value="2023-01-27T18:42:10+00:00"/><publisher value="Global Alliance for Genomics and Health - Clinical and Phenotypic Data Capture Work Stream"/><contact><name value="Global Alliance for Genomics and Health - Clinical and Phenotypic Data Capture Work Stream"/><telecom><system value="url"/><value value="https://www.ga4gh.org/work_stream/clinical-phenotypic-data-capture-2/"/></telecom></contact><description value="ValueSet description here"/><jurisdiction><coding><system value="urn:iso:std:iso:3166"/><code value="US"/></coding></jurisdiction><copyright value="[Global Alliance for Genomics and Health](https://www.ga4gh.org)"/><compose><include><system value="http://github.com/phenopackets/core-ig/CodeSystem/hpo"/><concept><code value="HP:0012823"/></concept><concept><code value="HP:0012824"/></concept><concept><code value="HP:0003674"/></concept></include></compose></ValueSet>