<?xml version="1.0" encoding="UTF-8"?>

<ValueSet xmlns="http://hl7.org/fhir">
  <id value="phenotypicFeatureVS"/>
  <text>
    <status value="generated"/><div xmlns="http://www.w3.org/1999/xhtml"><ul><li>Include these codes as defined in <a href="http://loinc.org"><code>http://loinc.org</code></a><table class="none"><tr><td style="white-space:nowrap"><b>Code</b></td><td><b>Display</b></td></tr><tr><td><a href="https://loinc.org/LA9633-4/">LA9633-4</a></td><td>Present</td></tr><tr><td><a href="https://loinc.org/LA9634-2/">LA9634-2</a></td><td>Absent</td></tr></table></li></ul></div>
  </text>
  <url value="https://github.com/phenopackets/core-ig/ValueSet/phenotypicFeatureVS"/>
  <version value="0.1.0"/>
  <name value="PhenotypicFeatureStatusValueSet"/>
  <title value="Observation Codes for status of a PhenotypicFeature"/>
  <status value="active"/>
  <date value="2023-01-27T18:42:10+00:00"/>
  <publisher value="Global Alliance for Genomics and Health - Clinical and Phenotypic Data Capture Work Stream"/>
  <contact>
    <name value="Global Alliance for Genomics and Health - Clinical and Phenotypic Data Capture Work Stream"/>
    <telecom>
      <system value="url"/>
      <value value="https://www.ga4gh.org/work_stream/clinical-phenotypic-data-capture-2/"/>
    </telecom>
  </contact>
  <description value="The LOINC codes for present if a feature is observed and absent if a feature was excluded."/>
  <jurisdiction>
    <coding>
      <system value="urn:iso:std:iso:3166"/>
      <code value="US"/>
    </coding>
  </jurisdiction>
  <copyright value="This material contains content from LOINC (http://loinc.org). LOINC is copyright © 1995-2020, Regenstrief Institute, Inc. and the Logical Observation Identifiers Names and Codes (LOINC) Committee and is available at no cost under the license at http://loinc.org/license. LOINC® is a registered United States trademark of Regenstrief Institute, Inc"/>
  <compose>
    <include>
      <system value="http://loinc.org"/>
      <concept>
        <code value="LA9633-4"/>
        <display value="Present"/>
      </concept>
      <concept>
        <code value="LA9634-2"/>
        <display value="Absent"/>
      </concept>
    </include>
  </compose>
</ValueSet>