{"resourceType":"StructureDefinition","id":"KaryotypicSex","text":{"status":"extensions","div":"<div xmlns=\"http://www.w3.org/1999/xhtml\"><table border=\"0\" cellpadding=\"0\" cellspacing=\"0\" style=\"border: 0px #F0F0F0 solid; font-size: 11px; font-family: verdana; vertical-align: top;\"><tr style=\"border: 1px #F0F0F0 solid; font-size: 11px; font-family: verdana; vertical-align: top\"><th style=\"vertical-align: top; text-align : left; background-color: white; border: 0px #F0F0F0 solid; padding:0px 4px 0px 4px\" class=\"hierarchy\"><a href=\"https://build.fhir.org/ig/FHIR/ig-guidance/readingIgs.html#table-views\" title=\"The logical name of the element\">Name</a></th><th style=\"vertical-align: top; text-align : left; background-color: white; border: 0px #F0F0F0 solid; padding:0px 4px 0px 4px\" class=\"hierarchy\"><a href=\"https://build.fhir.org/ig/FHIR/ig-guidance/readingIgs.html#table-views\" title=\"Information about the use of the element\">Flags</a></th><th style=\"vertical-align: top; text-align : left; background-color: white; border: 0px #F0F0F0 solid; padding:0px 4px 0px 4px\" class=\"hierarchy\"><a href=\"https://build.fhir.org/ig/FHIR/ig-guidance/readingIgs.html#table-views\" title=\"Minimum and Maximum # of times the the element can appear in the instance\">Card.</a></th><th style=\"width: 100px\" class=\"hierarchy\"><a href=\"https://build.fhir.org/ig/FHIR/ig-guidance/readingIgs.html#table-views\" title=\"Reference to the type of the element\">Type</a></th><th style=\"vertical-align: top; text-align : left; background-color: white; border: 0px #F0F0F0 solid; padding:0px 4px 0px 4px\" class=\"hierarchy\"><a href=\"https://build.fhir.org/ig/FHIR/ig-guidance/readingIgs.html#table-views\" title=\"Additional information about the element\">Description &amp; Constraints</a><span style=\"float: right\"><a href=\"https://build.fhir.org/ig/FHIR/ig-guidance/readingIgs.html#table-views\" title=\"Legend for this format\"><img src=\"http://hl7.org/fhir/R4/help16.png\" alt=\"doco\" style=\"background-color: inherit\"/></a></span></th></tr><tr style=\"border: 0px #F0F0F0 solid; padding:0px; vertical-align: top; background-color: white\"><td style=\"vertical-align: top; text-align : left; background-color: white; border: 0px #F0F0F0 solid; padding:0px 4px 0px 4px; white-space: nowrap; background-image: url(tbl_bck1.png)\" class=\"hierarchy\"><img src=\"tbl_spacer.png\" alt=\".\" style=\"background-color: inherit\" class=\"hierarchy\"/><img src=\"icon_element.gif\" alt=\".\" style=\"background-color: white; background-color: inherit\" title=\"Element\" class=\"hierarchy\"/> <a href=\"StructureDefinition-KaryotypicSex-definitions.html#Extension\" title=\"Karyotypic sex of an individual (also known as chromosomal sex).\">Extension</a><a name=\"Extension\"> </a></td><td style=\"vertical-align: top; text-align : left; background-color: white; border: 0px #F0F0F0 solid; padding:0px 4px 0px 4px\" class=\"hierarchy\"/><td style=\"vertical-align: top; text-align : left; background-color: white; border: 0px #F0F0F0 solid; padding:0px 4px 0px 4px\" class=\"hierarchy\"><span style=\"opacity: 0.5\">0</span><span style=\"opacity: 0.5\">..</span><span style=\"opacity: 0.5\">*</span></td><td style=\"vertical-align: top; text-align : left; background-color: white; border: 0px #F0F0F0 solid; padding:0px 4px 0px 4px\" class=\"hierarchy\"><a href=\"http://hl7.org/fhir/R4/extensibility.html#Extension\">Extension</a></td><td style=\"vertical-align: top; text-align : left; background-color: white; border: 0px #F0F0F0 solid; padding:0px 4px 0px 4px\" class=\"hierarchy\">Karyotypic Sex</td></tr>\r\n<tr style=\"border: 0px #F0F0F0 solid; padding:0px; vertical-align: top; background-color: #F7F7F7\"><td style=\"vertical-align: top; text-align : left; background-color: #F7F7F7; border: 0px #F0F0F0 solid; padding:0px 4px 0px 4px; white-space: nowrap; background-image: url(tbl_bck10.png)\" class=\"hierarchy\"><img src=\"tbl_spacer.png\" alt=\".\" style=\"background-color: inherit\" class=\"hierarchy\"/><img src=\"tbl_vjoin.png\" alt=\".\" style=\"background-color: inherit\" class=\"hierarchy\"/><img src=\"icon_extension_simple.png\" alt=\".\" style=\"background-color: #F7F7F7; background-color: inherit\" title=\"Simple Extension\" class=\"hierarchy\"/> <span style=\"text-decoration:line-through\">extension</span><a name=\"Extension.extension\"> </a></td><td style=\"vertical-align: top; text-align : left; background-color: #F7F7F7; border: 0px #F0F0F0 solid; padding:0px 4px 0px 4px\" class=\"hierarchy\"/><td style=\"vertical-align: top; text-align : left; background-color: #F7F7F7; border: 0px #F0F0F0 solid; padding:0px 4px 0px 4px\" class=\"hierarchy\"><span style=\"text-decoration:line-through\"/><span style=\"text-decoration:line-through\">0</span><span style=\"text-decoration:line-through\">..</span><span style=\"text-decoration:line-through\">0</span></td><td style=\"vertical-align: top; text-align : left; background-color: #F7F7F7; border: 0px #F0F0F0 solid; padding:0px 4px 0px 4px\" class=\"hierarchy\"/><td style=\"vertical-align: top; text-align : left; background-color: #F7F7F7; border: 0px #F0F0F0 solid; padding:0px 4px 0px 4px\" class=\"hierarchy\"/></tr>\r\n<tr style=\"border: 0px #F0F0F0 solid; padding:0px; vertical-align: top; background-color: white\"><td style=\"vertical-align: top; text-align : left; background-color: white; border: 0px #F0F0F0 solid; padding:0px 4px 0px 4px; white-space: nowrap; background-image: url(tbl_bck10.png)\" class=\"hierarchy\"><img src=\"tbl_spacer.png\" alt=\".\" style=\"background-color: inherit\" class=\"hierarchy\"/><img src=\"tbl_vjoin.png\" alt=\".\" style=\"background-color: inherit\" class=\"hierarchy\"/><img src=\"icon_element.gif\" alt=\".\" style=\"background-color: white; background-color: inherit\" title=\"Element\" class=\"hierarchy\"/> <a href=\"StructureDefinition-KaryotypicSex-definitions.html#Extension.url\">url</a><a name=\"Extension.url\"> </a></td><td style=\"vertical-align: top; text-align : left; background-color: white; border: 0px #F0F0F0 solid; padding:0px 4px 0px 4px\" class=\"hierarchy\"/><td style=\"vertical-align: top; text-align : left; background-color: white; border: 0px #F0F0F0 solid; padding:0px 4px 0px 4px\" class=\"hierarchy\"><span style=\"opacity: 0.5\">1</span><span style=\"opacity: 0.5\">..</span><span style=\"opacity: 0.5\">1</span></td><td style=\"vertical-align: top; text-align : left; background-color: white; border: 0px #F0F0F0 solid; padding:0px 4px 0px 4px\" class=\"hierarchy\"><a style=\"opacity: 0.5\" href=\"http://hl7.org/fhir/R4/datatypes.html#uri\">uri</a></td><td style=\"vertical-align: top; text-align : left; background-color: white; border: 0px #F0F0F0 solid; padding:0px 4px 0px 4px\" class=\"hierarchy\"><span style=\"color: darkgreen\">&quot;https://github.com/phenopackets/core-ig/StructureDefinition/KaryotypicSex&quot;</span></td></tr>\r\n<tr style=\"border: 0px #F0F0F0 solid; padding:0px; vertical-align: top; background-color: #F7F7F7\"><td style=\"vertical-align: top; text-align : left; background-color: #F7F7F7; border: 0px #F0F0F0 solid; padding:0px 4px 0px 4px; white-space: nowrap; background-image: url(tbl_bck00.png)\" class=\"hierarchy\"><img src=\"tbl_spacer.png\" alt=\".\" style=\"background-color: inherit\" class=\"hierarchy\"/><img src=\"tbl_vjoin_end.png\" alt=\".\" style=\"background-color: inherit\" class=\"hierarchy\"/><img src=\"icon_datatype.gif\" alt=\".\" style=\"background-color: #F7F7F7; background-color: inherit\" title=\"Data Type\" class=\"hierarchy\"/> <a href=\"StructureDefinition-KaryotypicSex-definitions.html#Extension.valueCodeableConcept\">valueCodeableConcept</a><a name=\"Extension.valueCodeableConcept\"> </a></td><td style=\"vertical-align: top; text-align : left; background-color: #F7F7F7; border: 0px #F0F0F0 solid; padding:0px 4px 0px 4px\" class=\"hierarchy\"/><td style=\"vertical-align: top; text-align : left; background-color: #F7F7F7; border: 0px #F0F0F0 solid; padding:0px 4px 0px 4px\" class=\"hierarchy\">0..1</td><td style=\"vertical-align: top; text-align : left; background-color: #F7F7F7; border: 0px #F0F0F0 solid; padding:0px 4px 0px 4px\" class=\"hierarchy\"><a href=\"http://hl7.org/fhir/R4/datatypes.html#CodeableConcept\">CodeableConcept</a></td><td style=\"vertical-align: top; text-align : left; background-color: #F7F7F7; border: 0px #F0F0F0 solid; padding:0px 4px 0px 4px\" class=\"hierarchy\"><span style=\"opacity: 0.5\">Value of extension</span><br/><span style=\"font-weight:bold\">Binding: </span><a href=\"ValueSet-KaryotypicSex.html\">Karyotypic sex value set</a> (<a href=\"http://hl7.org/fhir/R4/terminologies.html#required\" title=\"To be conformant, the concept in this element SHALL be from the specified value set.\">required</a>)</td></tr>\r\n<tr><td colspan=\"5\" class=\"hierarchy\"><br/><a href=\"https://build.fhir.org/ig/FHIR/ig-guidance/readingIgs.html#table-views\" title=\"Legend for this format\"><img src=\"http://hl7.org/fhir/R4/help16.png\" alt=\"doco\" style=\"background-color: inherit\"/> Documentation for this format</a></td></tr></table></div>"},"url":"https://github.com/phenopackets/core-ig/StructureDefinition/KaryotypicSex","version":"0.1.0","name":"KaryotypicSex","title":"Karyotypic Sex","status":"active","date":"2021-05-28T17:06:00-04:00","publisher":"Global Alliance for Genomics and Health - Clinical and Phenotypic Data Capture Work Stream","contact":[{"name":"Global Alliance for Genomics and Health - Clinical and Phenotypic Data Capture Work Stream","telecom":[{"system":"url","value":"https://www.ga4gh.org/work_stream/clinical-phenotypic-data-capture-2/"}]}],"description":"Karyotypic sex of an individual (also known as chromosomal sex).","jurisdiction":[{"coding":[{"system":"urn:iso:std:iso:3166","code":"US"}]}],"copyright":"[Global Alliance for Genomics and Health](https://www.ga4gh.org)","fhirVersion":"4.0.1","mapping":[{"identity":"rim","uri":"http://hl7.org/v3","name":"RIM Mapping"}],"kind":"complex-type","abstract":false,"context":[{"type":"element","expression":"Patient"}],"type":"Extension","baseDefinition":"http://hl7.org/fhir/StructureDefinition/Extension","derivation":"constraint","snapshot":{"element":[{"id":"Extension","path":"Extension","short":"Karyotypic Sex","definition":"Karyotypic sex of an individual (also known as chromosomal sex).","min":0,"max":"*","base":{"path":"Extension","min":0,"max":"*"},"condition":["ele-1"],"isModifier":false},{"id":"Extension.id","path":"Extension.id","representation":["xmlAttr"],"short":"Unique id for inter-element referencing","definition":"Unique id for the element within a resource (for internal references). This may be any string value that does not contain spaces.","min":0,"max":"1","base":{"path":"Element.id","min":0,"max":"1"},"type":[{"extension":[{"url":"http://hl7.org/fhir/StructureDefinition/structuredefinition-fhir-type","valueUrl":"string"}],"code":"http://hl7.org/fhirpath/System.String"}],"isModifier":false,"isSummary":false,"mapping":[{"identity":"rim","map":"n/a"}]},{"id":"Extension.extension","path":"Extension.extension","slicing":{"discriminator":[{"type":"value","path":"url"}],"description":"Extensions are always sliced by (at least) url","rules":"open"},"short":"Extension","definition":"An Extension","min":0,"max":"0","base":{"path":"Element.extension","min":0,"max":"*"},"type":[{"code":"Extension"}],"constraint":[{"key":"ele-1","severity":"error","human":"All FHIR elements must have a @value or children","expression":"hasValue() or (children().count() > id.count())","xpath":"@value|f:*|h:div","source":"http://hl7.org/fhir/StructureDefinition/Element"},{"key":"ext-1","severity":"error","human":"Must have either extensions or value[x], not both","expression":"extension.exists() != value.exists()","xpath":"exists(f:extension)!=exists(f:*[starts-with(local-name(.), \"value\")])","source":"http://hl7.org/fhir/StructureDefinition/Extension"}],"isModifier":false,"isSummary":false},{"id":"Extension.url","path":"Extension.url","representation":["xmlAttr"],"short":"identifies the meaning of the extension","definition":"Source of the definition for the extension code - a logical name or a URL.","comment":"The definition may point directly to a computable or human-readable definition of the extensibility codes, or it may be a logical URI as declared in some other specification. The definition SHALL be a URI for the Structure Definition defining the extension.","min":1,"max":"1","base":{"path":"Extension.url","min":1,"max":"1"},"type":[{"extension":[{"url":"http://hl7.org/fhir/StructureDefinition/structuredefinition-fhir-type","valueUrl":"uri"}],"code":"http://hl7.org/fhirpath/System.String"}],"fixedUri":"https://github.com/phenopackets/core-ig/StructureDefinition/KaryotypicSex","isModifier":false,"isSummary":false,"mapping":[{"identity":"rim","map":"N/A"}]},{"id":"Extension.value[x]","path":"Extension.value[x]","slicing":{"discriminator":[{"type":"type","path":"$this"}],"ordered":false,"rules":"closed"},"short":"Value of extension","definition":"Value of extension - must be one of a constrained set of the data types (see [Extensibility](http://hl7.org/fhir/R4/extensibility.html) for a list).","min":0,"max":"1","base":{"path":"Extension.value[x]","min":0,"max":"1"},"type":[{"code":"CodeableConcept"}],"constraint":[{"key":"ele-1","severity":"error","human":"All FHIR elements must have a @value or children","expression":"hasValue() or (children().count() > id.count())","xpath":"@value|f:*|h:div","source":"http://hl7.org/fhir/StructureDefinition/Element"}],"isModifier":false,"isSummary":false,"mapping":[{"identity":"rim","map":"N/A"}]},{"id":"Extension.value[x]:valueCodeableConcept","path":"Extension.value[x]","sliceName":"valueCodeableConcept","short":"Value of extension","definition":"Value of extension - must be one of a constrained set of the data types (see [Extensibility](http://hl7.org/fhir/R4/extensibility.html) for a list).","min":0,"max":"1","base":{"path":"Extension.value[x]","min":0,"max":"1"},"type":[{"code":"CodeableConcept"}],"constraint":[{"key":"ele-1","severity":"error","human":"All FHIR elements must have a @value or children","expression":"hasValue() or (children().count() > id.count())","xpath":"@value|f:*|h:div","source":"http://hl7.org/fhir/StructureDefinition/Element"}],"isModifier":false,"isSummary":false,"binding":{"strength":"required","valueSet":"https://github.com/phenopackets/core-ig/ValueSet/KaryotypicSex"},"mapping":[{"identity":"rim","map":"N/A"}]}]},"differential":{"element":[{"id":"Extension","path":"Extension","short":"Karyotypic Sex","definition":"Karyotypic sex of an individual (also known as chromosomal sex)."},{"id":"Extension.extension","path":"Extension.extension","max":"0"},{"id":"Extension.url","path":"Extension.url","fixedUri":"https://github.com/phenopackets/core-ig/StructureDefinition/KaryotypicSex"},{"id":"Extension.valueCodeableConcept","path":"Extension.valueCodeableConcept","min":0,"max":"1","type":[{"code":"CodeableConcept"}],"binding":{"strength":"required","valueSet":"https://github.com/phenopackets/core-ig/ValueSet/KaryotypicSex"}}]}}