{"resourceType":"ValueSet","id":"acmgPathogenicityClassification-vs","text":{"status":"generated","div":"<div xmlns=\"http://www.w3.org/1999/xhtml\"><ul><li>Include these codes as defined in <code>http://phenopacket-schema.readthedocs.io/en/v2/variant-interpretation.html#acmgpathogenicityclassification</code><table class=\"none\"><tr><td style=\"white-space:nowrap\"><b>Code</b></td><td><b>Display</b></td></tr><tr><td>0</td><td>NOT_PROVIDED</td></tr><tr><td>1</td><td>BENIGN</td></tr><tr><td>2</td><td>LIKELY_BENIGN</td></tr><tr><td>3</td><td>UNCERTAIN_SIGNIFICANCE</td></tr><tr><td>4</td><td>LIKELY_PATHOGENIC</td></tr><tr><td>5</td><td>PATHOGENIC</td></tr></table></li></ul></div>"},"url":"https://github.com/phenopackets/core-ig/ValueSet/acmgPathogenicityClassification-vs","version":"0.1.0","name":"AcmgPathogenicityClassificationVS","title":"ACMG Pathogenicity Classification Value Set","status":"active","date":"2023-01-27T18:42:10+00:00","publisher":"Global Alliance for Genomics and Health - Clinical and Phenotypic Data Capture Work Stream","contact":[{"name":"Global Alliance for Genomics and Health - Clinical and Phenotypic Data Capture Work Stream","telecom":[{"system":"url","value":"https://www.ga4gh.org/work_stream/clinical-phenotypic-data-capture-2/"}]}],"description":"Describes the ACMG five-tier pathogenicity classification system (Richards et al., 2015, https://www.ncbi.nlm.nih.gov/pmc/articles/PMC4544753/).","jurisdiction":[{"coding":[{"system":"urn:iso:std:iso:3166","code":"US"}]}],"copyright":"This value set includes content from Phenopackets, which is copyright © 2016+ Global Alliance for Genomics and Health (GA4GH)","compose":{"include":[{"system":"http://phenopacket-schema.readthedocs.io/en/v2/variant-interpretation.html#acmgpathogenicityclassification","concept":[{"code":"0","display":"NOT_PROVIDED"},{"code":"1","display":"BENIGN"},{"code":"2","display":"LIKELY_BENIGN"},{"code":"3","display":"UNCERTAIN_SIGNIFICANCE"},{"code":"4","display":"LIKELY_PATHOGENIC"},{"code":"5","display":"PATHOGENIC"}]}]}}